id,user_id,created_at,completed,attention_checks,prolific_start_time,prolific_end_time,event_start_time,event_end_time,total_learning_time,exp_instruction_time,total_exp_time,study_group
4472,participant_0016,2025-02-24 12:19:12.515023,True,"{'1': {'correct': 'Guess whether the AI model would predict the individual to earn more or less than 50k a year', 'selected': 'Guess whether the AI model would predict the individual to earn more or less than 50k a year'}, '2': {'correct': ['-2', '-1'], 'selected': '-2'}, '3': {'correct': '-2', 'selected': '-2'}, '4': {'correct': '-1', 'selected': '1'}}",2025-02-24 12:15:53.920,2025-02-24 12:32:22.095,2025-02-24 12:20:10.830393,2025-02-24 12:30:35.650027,10.413660566666666,4.281839883333333,16.469583333333333,chat
4470,participant_0104,2025-02-24 12:15:49.867723,True,"{'1': {'correct': 'Guess whether the AI model would predict the individual to earn more or less than 50k a year', 'selected': 'Guess whether the AI model would predict the individual to earn more or less than 50k a year'}, '2': {'correct': ['-2', '-1'], 'selected': '-2'}, '3': {'correct': '-2', 'selected': '-2'}, '4': {'correct': '-1', 'selected': '1'}}",2025-02-24 12:12:18.129,2025-02-24 12:37:31.027,2025-02-24 12:16:40.967903,2025-02-24 12:34:45.636220,18.07780528333333,4.380648383333334,25.214966666666665,chat
4485,participant_0127,2025-02-24 12:42:38.938946,True,"{'1': {'correct': 'Guess whether the AI model would predict the individual to earn more or less than 50k a year', 'selected': 'Guess whether the AI model would predict the individual to earn more or less than 50k a year'}, '2': {'correct': ['-2', '-1'], 'selected': '-2'}, '3': {'correct': '-2', 'selected': '-2'}, '4': {'correct': '-1', 'selected': '3'}}",2025-02-24 12:37:46.192,2025-02-24 13:25:57.074,2025-02-24 12:45:13.405108,2025-02-24 13:19:06.942961,33.89229755,7.4535518,48.18136666666667,chat
4009,participant_0106,2025-02-23 02:15:42.624591,True,"{'1': {'correct': 'Guess whether the AI model would predict the individual to earn more or less than 50k a year', 'selected': 'Guess whether the AI model would predict the individual to earn more or less than 50k a year'}, '2': {'correct': ['-2', '-1'], 'selected': '-2'}, '3': {'correct': '-2', 'selected': '-2'}, '4': {'correct': '-1', 'selected': '2'}}",2025-02-23 02:07:03.097,2025-02-23 03:21:47.903,2025-02-23 02:20:51.502658,2025-02-23 03:11:19.790484,50.47146376666667,13.806760966666667,74.74676666666666,chat
4032,participant_0061,2025-02-23 03:25:20.476280,True,"{'1': {'correct': 'Guess whether the AI model would predict the individual to earn more or less than 50k a year', 'selected': 'Guess whether the AI model would predict the individual to earn more or less than 50k a year'}, '2': {'correct': ['-2', '-1'], 'selected': '-2'}, '3': {'correct': '-2', 'selected': '-2'}, '4': {'correct': '-1', 'selected': '2'}}",2025-02-23 03:16:21.629,2025-02-23 04:26:13.559,2025-02-23 03:28:45.058333,2025-02-23 04:17:19.527049,48.5744786,12.390488883333337,69.86550000000001,chat
3918,participant_0069,2025-02-22 23:12:53.365299,True,"{'1': {'correct': 'Guess whether the AI model would predict the individual to earn more or less than 50k a year', 'selected': 'Guess whether the AI model would predict the individual to earn more or less than 50k a year'}, '2': {'correct': ['-2', '-1'], 'selected': '-2'}, '3': {'correct': '-2', 'selected': '2'}, '4': {'correct': '-1', 'selected': '1'}}",2025-02-22 23:09:58.062,2025-02-22 23:41:48.181,2025-02-22 23:15:03.274135,2025-02-22 23:38:10.504098,23.120499383333332,5.086868916666666,31.835316666666664,chat
4012,participant_0024,2025-02-23 02:24:56.816033,True,"{'1': {'correct': 'Guess whether the AI model would predict the individual to earn more or less than 50k a year', 'selected': 'Guess whether the AI model would predict the individual to earn more or less than 50k a year'}, '2': {'correct': ['-2', '-1'], 'selected': '-2'}, '3': {'correct': '-2', 'selected': '-2'}, '4': {'correct': '-1', 'selected': '2'}}",2025-02-23 02:12:37.485,2025-02-23 03:33:25.723,2025-02-23 02:27:23.348304,2025-02-23 03:24:22.098094,56.979163166666666,14.7643884,80.80396666666667,chat
3919,participant_0067,2025-02-22 23:13:02.492094,True,"{'1': {'correct': 'Guess whether the AI model would predict the individual to earn more or less than 50k a year', 'selected': 'Guess whether the AI model would predict the individual to earn more or less than 50k a year'}, '2': {'correct': ['-2', '-1'], 'selected': '-2'}, '3': {'correct': '-2', 'selected': '-2'}, '4': {'correct': '-1', 'selected': '-1'}}",2025-02-22 23:09:18.898,2025-02-22 23:39:35.867,2025-02-22 23:13:59.221158,2025-02-22 23:33:34.997113,19.596265916666667,4.672052633333333,30.28281666666667,chat
3925,participant_0060,2025-02-22 23:22:21.881934,True,"{'1': {'correct': 'Guess whether the AI model would predict the individual to earn more or less than 50k a year', 'selected': 'Guess whether the AI model would predict the individual to earn more or less than 50k a year'}, '2': {'correct': ['-2', '-1'], 'selected': '-2'}, '3': {'correct': '-2', 'selected': '-2'}, '4': {'correct': '-1', 'selected': '-2'}}",2025-02-22 23:20:45.386,2025-02-22 23:33:14.309,2025-02-22 23:23:03.039521,2025-02-22 23:31:38.579385,8.592331066666667,2.29422535,12.48205,chat
3932,participant_0131,2025-02-22 23:33:08.153307,True,"{'1': {'correct': 'Guess whether the AI model would predict the individual to earn more or less than 50k a year', 'selected': 'Guess whether the AI model would predict the individual to earn more or less than 50k a year'}, '2': {'correct': ['-2', '-1'], 'selected': '-2'}, '3': {'correct': '-2', 'selected': '-2'}, '4': {'correct': '-1', 'selected': '-1'}}",2025-02-22 23:30:18.442,2025-02-23 00:02:47.203,2025-02-22 23:34:23.057569,2025-02-22 23:54:20.520333,19.957712733333334,4.07692615,32.47935,chat
4042,participant_0072,2025-02-23 04:02:06.965365,True,"{'1': {'correct': 'Guess whether the AI model would predict the individual to earn more or less than 50k a year', 'selected': 'Guess whether the AI model would predict the individual to earn more or less than 50k a year'}, '2': {'correct': ['-2', '-1'], 'selected': '-2'}, '3': {'correct': '-2', 'selected': '-2'}, '4': {'correct': '-1', 'selected': '2'}}",2025-02-23 03:33:25.726,2025-02-23 04:54:22.579,2025-02-23 04:07:00.943361,2025-02-23 04:48:12.340918,41.18995928333333,33.58695601666667,80.94755,chat
4031,participant_0032,2025-02-23 03:25:09.534798,True,"{'1': {'correct': 'Guess whether the AI model would predict the individual to earn more or less than 50k a year', 'selected': 'Guess whether the AI model would predict the individual to earn more or less than 50k a year'}, '2': {'correct': ['-2', '-1'], 'selected': '-2'}, '3': {'correct': '-2', 'selected': '-2'}, '4': {'correct': '-1', 'selected': '2'}}",2025-02-23 03:21:47.899,2025-02-23 03:57:41.407,2025-02-23 03:26:12.957828,2025-02-23 03:51:07.473794,24.908599433333332,4.417647133333333,35.891799999999996,chat
4043,participant_0013,2025-02-23 04:04:55.068937,True,"{'1': {'correct': 'Guess whether the AI model would predict the individual to earn more or less than 50k a year', 'selected': 'Guess whether the AI model would predict the individual to earn more or less than 50k a year'}, '2': {'correct': ['-2', '-1'], 'selected': '-2'}, '3': {'correct': '-2', 'selected': '-2'}, '4': {'correct': '-1', 'selected': '3'}}",2025-02-23 03:57:43.220,2025-02-23 05:01:45.420,2025-02-23 04:06:24.870659,2025-02-23 04:52:20.978634,45.93513291666667,8.69417765,64.03666666666666,chat
4493,participant_0090,2025-02-24 13:04:31.861451,True,"{'1': {'correct': 'Guess whether the AI model would predict the individual to earn more or less than 50k a year', 'selected': 'Guess whether the AI model would predict the individual to earn more or less than 50k a year'}, '2': {'correct': ['-2', '-1'], 'selected': '-2'}, '3': {'correct': '-2', 'selected': '-2'}, '4': {'correct': '-1', 'selected': '3'}}",2025-02-24 12:58:22.404,2025-02-24 13:45:26.804,2025-02-24 13:07:15.670219,2025-02-24 13:39:35.258796,32.326476283333335,8.887770316666666,47.07333333333334,chat
3941,participant_0035,2025-02-22 23:44:21.073684,True,"{'1': {'correct': 'Guess whether the AI model would predict the individual to earn more or less than 50k a year', 'selected': 'Guess whether the AI model would predict the individual to earn more or less than 50k a year'}, '2': {'correct': ['-2', '-1'], 'selected': '-2'}, '3': {'correct': '-2', 'selected': '-2'}, '4': {'correct': '-1', 'selected': '3'}}",2025-02-22 23:36:33.354,2025-02-23 00:55:46.734,2025-02-22 23:45:30.697807,2025-02-23 00:51:20.029703,65.82219826666667,8.955730116666667,79.223,chat
3956,participant_0086,2025-02-23 00:15:31.273129,True,"{'1': {'correct': 'Guess whether the AI model would predict the individual to earn more or less than 50k a year', 'selected': 'Guess whether the AI model would predict the individual to earn more or less than 50k a year'}, '2': {'correct': ['-2', '-1'], 'selected': '-2'}, '3': {'correct': '-2', 'selected': '-2'}, '4': {'correct': '-1', 'selected': '1'}}",2025-02-23 00:12:49.293,2025-02-23 00:50:41.510,2025-02-23 00:16:52.987683,2025-02-23 00:48:05.545990,31.209305116666663,4.06157805,37.87028333333333,chat
4056,participant_0003,2025-02-23 04:32:56.034629,True,"{'1': {'correct': 'Guess whether the AI model would predict the individual to earn more or less than 50k a year', 'selected': 'Guess whether the AI model would predict the individual to earn more or less than 50k a year'}, '2': {'correct': ['-2', '-1'], 'selected': '-2'}, '3': {'correct': '-2', 'selected': '-2'}, '4': {'correct': '-1', 'selected': '3'}}",2025-02-23 04:26:14.434,2025-02-23 05:04:42.366,2025-02-23 04:33:56.656170,2025-02-23 05:01:19.827738,27.3861928,7.703702833333334,38.46553333333333,chat
4083,participant_0083,2025-02-23 05:42:40.711470,True,"{'1': {'correct': 'Guess whether the AI model would predict the individual to earn more or less than 50k a year', 'selected': 'Guess whether the AI model would predict the individual to earn more or less than 50k a year'}, '2': {'correct': ['-2', '-1'], 'selected': '-2'}, '3': {'correct': '-2', 'selected': '-2'}, '4': {'correct': '-1', 'selected': '2'}}",2025-02-23 05:39:24.593,2025-02-23 06:28:57.315,2025-02-23 05:43:41.008988,2025-02-23 06:23:40.220275,39.986854783333335,4.2735998,49.54536666666667,chat
4498,participant_0057,2025-02-24 13:28:15.560766,True,"{'1': {'correct': 'Guess whether the AI model would predict the individual to earn more or less than 50k a year', 'selected': 'Guess whether the AI model would predict the individual to earn more or less than 50k a year'}, '2': {'correct': ['-2', '-1'], 'selected': '-2'}, '3': {'correct': '-2', 'selected': '-2'}, '4': {'correct': '-1', 'selected': '1'}}",,,2025-02-24 13:29:28.000887,2025-02-24 13:53:01.999073,23.566636433333333,,,chat
4070,participant_0047,2025-02-23 05:15:36.303475,True,"{'1': {'correct': 'Guess whether the AI model would predict the individual to earn more or less than 50k a year', 'selected': 'Guess whether the AI model would predict the individual to earn more or less than 50k a year'}, '2': {'correct': ['-2', '-1'], 'selected': '-2'}, '3': {'correct': '-2', 'selected': '-2'}, '4': {'correct': '-1', 'selected': '0'}}",2025-02-23 05:08:27.594,2025-02-23 05:44:53.374,2025-02-23 05:17:24.228545,2025-02-23 05:40:07.301287,22.717879033333336,8.943909083333333,36.42966666666667,chat
3966,participant_0103,2025-02-23 00:53:30.485982,True,"{'1': {'correct': 'Guess whether the AI model would predict the individual to earn more or less than 50k a year', 'selected': 'Guess whether the AI model would predict the individual to earn more or less than 50k a year'}, '2': {'correct': ['-2', '-1'], 'selected': '-2'}, '3': {'correct': '-2', 'selected': '-2'}, '4': {'correct': '-1', 'selected': '-3'}}",2025-02-23 00:44:38.740,2025-02-23 01:20:00.504,2025-02-23 00:54:32.886402,2025-02-23 01:14:14.460341,19.692898983333336,9.902440033333331,35.36273333333334,chat
4065,participant_0124,2025-02-23 05:06:30.577122,True,"{'1': {'correct': 'Guess whether the AI model would predict the individual to earn more or less than 50k a year', 'selected': 'Guess whether the AI model would predict the individual to earn more or less than 50k a year'}, '2': {'correct': ['-2', '-1'], 'selected': '-2'}, '3': {'correct': '-2', 'selected': '-2'}, '4': {'correct': '-1', 'selected': '1'}}",2025-02-23 05:02:31.701,2025-02-23 05:38:14.842,2025-02-23 05:08:17.835192,2025-02-23 05:33:32.286137,25.240849083333337,5.7689032,35.71901666666667,chat
4068,participant_0045,2025-02-23 05:12:20.186342,True,"{'1': {'correct': 'Guess whether the AI model would predict the individual to earn more or less than 50k a year', 'selected': 'Guess whether the AI model would predict the individual to earn more or less than 50k a year'}, '2': {'correct': ['-2', '-1'], 'selected': '-2'}, '3': {'correct': '-2', 'selected': '-2'}, '4': {'correct': '-1', 'selected': '2'}}",2025-02-23 05:04:43.099,2025-02-23 06:04:39.835,2025-02-23 05:14:28.535474,2025-02-23 05:55:16.253800,40.79530543333333,9.757274566666666,59.9456,chat
3987,participant_0026,2025-02-23 01:26:40.813416,True,"{'1': {'correct': 'Guess whether the AI model would predict the individual to earn more or less than 50k a year', 'selected': 'Guess whether the AI model would predict the individual to earn more or less than 50k a year'}, '2': {'correct': ['-2', '-1'], 'selected': '-2'}, '3': {'correct': '-2', 'selected': '-2'}, '4': {'correct': '-1', 'selected': '1'}}",2025-02-23 01:23:12.630,2025-02-23 02:01:56.806,2025-02-23 01:28:29.399287,2025-02-23 01:57:17.551985,28.80254496666667,5.279488116666667,38.736266666666666,chat
3984,participant_0029,2025-02-23 01:22:39.613649,True,"{'1': {'correct': 'Guess whether the AI model would predict the individual to earn more or less than 50k a year', 'selected': 'Guess whether the AI model would predict the individual to earn more or less than 50k a year'}, '2': {'correct': ['-2', '-1'], 'selected': '-2'}, '3': {'correct': '-2', 'selected': '-2'}, '4': {'correct': '-1', 'selected': '1'}}",2025-02-23 01:17:44.582,2025-02-23 02:07:04.296,2025-02-23 01:24:07.628319,2025-02-23 01:59:42.173648,35.57575548333333,6.384105316666666,49.32856666666667,chat
3975,participant_0134,2025-02-23 01:04:23.314309,True,"{'1': {'correct': 'Guess whether the AI model would predict the individual to earn more or less than 50k a year', 'selected': 'Guess whether the AI model would predict the individual to earn more or less than 50k a year'}, '2': {'correct': ['-2', '-1'], 'selected': '-2'}, '3': {'correct': '-2', 'selected': '-2'}, '4': {'correct': '-1', 'selected': '-1'}}",2025-02-23 00:57:48.620,2025-02-23 01:42:02.329,2025-02-23 01:05:10.664133,2025-02-23 01:38:36.004291,33.422335966666665,7.367402216666666,44.22848333333333,chat
3995,participant_0098,2025-02-23 01:48:04.859299,True,"{'1': {'correct': 'Guess whether the AI model would predict the individual to earn more or less than 50k a year', 'selected': 'Guess whether the AI model would predict the individual to earn more or less than 50k a year'}, '2': {'correct': ['-2', '-1'], 'selected': '-2'}, '3': {'correct': '-2', 'selected': '-2'}, '4': {'correct': '-1', 'selected': '3'}}",2025-02-23 01:42:25.366,2025-02-23 02:20:15.175,2025-02-23 01:49:37.284608,2025-02-23 02:16:10.428111,26.552391716666666,7.198643466666667,37.83015,chat
4088,participant_0058,2025-02-23 05:50:14.902267,True,"{'1': {'correct': 'Guess whether the AI model would predict the individual to earn more or less than 50k a year', 'selected': 'Guess whether the AI model would predict the individual to earn more or less than 50k a year'}, '2': {'correct': ['-2', '-1'], 'selected': '-2'}, '3': {'correct': '-2', 'selected': '-2'}, '4': {'correct': '-1', 'selected': '0'}}",2025-02-23 05:45:14.602,2025-02-23 06:52:48.949,2025-02-23 05:52:24.390451,2025-02-23 06:45:56.075680,53.528087150000005,7.16314085,67.57245,chat
4504,participant_0038,2025-02-24 13:45:37.852103,True,"{'1': {'correct': 'Guess whether the AI model would predict the individual to earn more or less than 50k a year', 'selected': 'Guess whether the AI model would predict the individual to earn more or less than 50k a year'}, '2': {'correct': ['-2', '-1'], 'selected': '-2'}, '3': {'correct': '-2', 'selected': '-2'}, '4': {'correct': '-1', 'selected': '0'}}",2025-02-24 13:27:21.933,2025-02-24 14:27:24.999,2025-02-24 13:47:56.423964,2025-02-24 14:23:14.767658,35.30572823333333,20.5748494,60.0511,chat
4018,participant_0018,2025-02-23 02:48:28.364138,True,"{'1': {'correct': 'Guess whether the AI model would predict the individual to earn more or less than 50k a year', 'selected': 'Guess whether the AI model would predict the individual to earn more or less than 50k a year'}, '2': {'correct': ['-2', '-1'], 'selected': '-2'}, '3': {'correct': '-2', 'selected': '-2'}, '4': {'correct': '-1', 'selected': '2'}}",2025-02-23 02:25:57.190,2025-02-23 03:14:06.070,2025-02-23 02:51:03.704271,2025-02-23 03:12:05.249838,21.02575945,25.108571183333332,48.148,chat
4021,participant_0002,2025-02-23 02:52:22.853154,True,"{'1': {'correct': 'Guess whether the AI model would predict the individual to earn more or less than 50k a year', 'selected': 'Guess whether the AI model would predict the individual to earn more or less than 50k a year'}, '2': {'correct': ['-2', '-1'], 'selected': '-2'}, '3': {'correct': '-2', 'selected': '-2'}, '4': {'correct': '-1', 'selected': '2'}}",2025-02-23 02:40:03.312,2025-02-23 04:14:00.651,2025-02-23 02:58:39.791145,2025-02-23 03:59:25.480886,60.76149568333334,18.60798575,93.95565,chat
4004,participant_0096,2025-02-23 02:04:35.247037,True,"{'1': {'correct': 'Guess whether the AI model would predict the individual to earn more or less than 50k a year', 'selected': 'Guess whether the AI model would predict the individual to earn more or less than 50k a year'}, '2': {'correct': ['-2', '-1'], 'selected': '-2'}, '3': {'correct': '-2', 'selected': '-2'}, '4': {'correct': '-1', 'selected': '0'}}",2025-02-23 02:02:03.477,2025-02-23 02:40:02.962,2025-02-23 02:05:25.638065,2025-02-23 02:33:17.980497,27.872373866666667,3.3693510833333336,37.991416666666666,chat
4148,participant_0055,2025-02-23 07:10:27.391819,True,"{'1': {'correct': 'Guess whether the AI model would predict the individual to earn more or less than 50k a year', 'selected': 'Guess whether the AI model would predict the individual to earn more or less than 50k a year'}, '2': {'correct': ['-2', '-1'], 'selected': '-2'}, '3': {'correct': '-2', 'selected': '-2'}, '4': {'correct': '-1', 'selected': '2'}}",2025-02-23 07:03:43.352,2025-02-23 07:52:32.301,2025-02-23 07:12:02.455216,2025-02-23 07:47:16.495458,35.234004033333335,8.318386933333333,48.81581666666667,chat
4090,participant_0051,2025-02-23 05:56:07.760803,True,"{'1': {'correct': 'Guess whether the AI model would predict the individual to earn more or less than 50k a year', 'selected': 'Guess whether the AI model would predict the individual to earn more or less than 50k a year'}, '2': {'correct': ['-2', '-1'], 'selected': '-2'}, '3': {'correct': '-2', 'selected': '-2'}, '4': {'correct': '-1', 'selected': '3'}}",2025-02-23 04:54:23.810,2025-02-23 06:22:24.697,2025-02-23 05:56:24.619026,2025-02-23 06:18:34.044456,22.1570905,62.01348376666667,88.01478333333333,chat
4137,participant_0019,2025-02-23 06:37:18.639935,True,"{'1': {'correct': 'Guess whether the AI model would predict the individual to earn more or less than 50k a year', 'selected': 'Guess whether the AI model would predict the individual to earn more or less than 50k a year'}, '2': {'correct': ['-2', '-1'], 'selected': '-2'}, '3': {'correct': '-2', 'selected': '-2'}, '4': {'correct': '-1', 'selected': '3'}}",2025-02-23 06:29:51.666,2025-02-23 07:12:25.946,2025-02-23 06:38:33.890649,2025-02-23 07:01:25.409687,22.858650633333333,8.70374415,42.571333333333335,chat
4152,participant_0118,2025-02-23 07:18:10.836642,True,"{'1': {'correct': 'Guess whether the AI model would predict the individual to earn more or less than 50k a year', 'selected': 'Guess whether the AI model would predict the individual to earn more or less than 50k a year'}, '2': {'correct': ['-2', '-1'], 'selected': '-2'}, '3': {'correct': '-2', 'selected': '-2'}, '4': {'correct': '-1', 'selected': '3'}}",2025-02-23 06:53:45.729,2025-02-23 08:10:10.931,2025-02-23 07:26:37.512379,2025-02-23 08:06:42.035923,40.075392400000005,32.863056316666665,76.42003333333334,chat
4101,participant_0017,2025-02-23 06:08:41.447772,True,"{'1': {'correct': 'Guess whether the AI model would predict the individual to earn more or less than 50k a year', 'selected': 'Guess whether the AI model would predict the individual to earn more or less than 50k a year'}, '2': {'correct': ['-2', '-1'], 'selected': '-2'}, '3': {'correct': '-2', 'selected': '-2'}, '4': {'correct': '-1', 'selected': '0'}}",2025-02-23 06:05:53.260,2025-02-23 07:02:18.488,2025-02-23 06:10:47.389915,2025-02-23 06:53:36.139934,42.812500316666664,4.9021652499999995,56.42046666666667,chat
4143,participant_0125,2025-02-23 06:58:43.250393,True,"{'1': {'correct': 'Guess whether the AI model would predict the individual to earn more or less than 50k a year', 'selected': 'Guess whether the AI model would predict the individual to earn more or less than 50k a year'}, '2': {'correct': ['-2', '-1'], 'selected': '-2'}, '3': {'correct': '-2', 'selected': '-2'}, '4': {'correct': '-1', 'selected': '2'}}",2025-02-23 06:22:25.240,2025-02-23 07:19:16.288,2025-02-23 07:01:24.872835,2025-02-23 07:15:43.015533,14.3023783,38.99388058333333,56.8508,chat
4154,participant_0095,2025-02-23 07:22:58.092997,True,"{'1': {'correct': 'Guess whether the AI model would predict the individual to earn more or less than 50k a year', 'selected': 'Guess whether the AI model would predict the individual to earn more or less than 50k a year'}, '2': {'correct': ['-2', '-1'], 'selected': '-2'}, '3': {'correct': '-2', 'selected': '-2'}, '4': {'correct': '-1', 'selected': '1'}}",2025-02-23 07:20:53.705,2025-02-23 07:51:12.937,2025-02-23 07:23:33.375428,2025-02-23 07:39:00.682623,15.455119916666666,2.6611738,30.320533333333337,chat
4514,participant_0043,2025-02-24 14:29:59.124428,True,"{'1': {'correct': 'Guess whether the AI model would predict the individual to earn more or less than 50k a year', 'selected': 'Guess whether the AI model would predict the individual to earn more or less than 50k a year'}, '2': {'correct': ['-2', '-1'], 'selected': '-2'}, '3': {'correct': '-2', 'selected': '-2'}, '4': {'correct': '-1', 'selected': '1'}}",2025-02-24 14:27:54.585,2025-02-24 15:08:34.755,2025-02-24 14:31:07.758444,2025-02-24 15:04:22.213801,33.240922616666666,3.2195574,40.6695,chat
4166,participant_0089,2025-02-23 08:02:19.920082,True,"{'1': {'correct': 'Guess whether the AI model would predict the individual to earn more or less than 50k a year', 'selected': 'Guess whether the AI model would predict the individual to earn more or less than 50k a year'}, '2': {'correct': ['-2', '-1'], 'selected': '-2'}, '3': {'correct': '-2', 'selected': '-2'}, '4': {'correct': '-1', 'selected': '1'}}",2025-02-23 07:51:16.950,2025-02-23 09:01:11.543,2025-02-23 08:06:08.351104,2025-02-23 08:53:33.978579,47.42712458333333,14.856685066666667,69.90988333333333,chat
4164,participant_0008,2025-02-23 08:00:36.516813,True,"{'1': {'correct': 'Guess whether the AI model would predict the individual to earn more or less than 50k a year', 'selected': 'Guess whether the AI model would predict the individual to earn more or less than 50k a year'}, '2': {'correct': ['-2', '-1'], 'selected': '-2'}, '3': {'correct': '-2', 'selected': '-2'}, '4': {'correct': '-1', 'selected': '0'}}",2025-02-23 07:55:40.600,2025-02-23 09:03:49.889,2025-02-23 08:02:09.425554,2025-02-23 08:56:14.664354,54.087313333333334,6.4804259,68.15481666666668,chat
4184,participant_0009,2025-02-23 08:17:49.792457,True,"{'1': {'correct': 'Guess whether the AI model would predict the individual to earn more or less than 50k a year', 'selected': 'Guess whether the AI model would predict the individual to earn more or less than 50k a year'}, '2': {'correct': ['-2', '-1'], 'selected': '-2'}, '3': {'correct': '-2', 'selected': '-2'}, '4': {'correct': '-1', 'selected': '3'}}",2025-02-23 08:10:25.410,2025-02-23 09:28:26.674,2025-02-23 08:22:44.884990,2025-02-23 09:24:58.692236,62.230120766666666,12.324583166666669,78.02106666666667,chat
4509,participant_0120,2025-02-24 14:10:51.053570,True,"{'1': {'correct': 'Guess whether the AI model would predict the individual to earn more or less than 50k a year', 'selected': 'Guess whether the AI model would predict the individual to earn more or less than 50k a year'}, '2': {'correct': ['-2', '-1'], 'selected': '-2'}, '3': {'correct': '-2', 'selected': '-2'}, '4': {'correct': '-1', 'selected': '2'}}",2025-02-24 13:52:38.166,2025-02-24 15:15:05.241,2025-02-24 14:12:30.730064,2025-02-24 15:12:29.853254,59.9853865,19.876067733333333,82.45125,chat
4521,participant_0119,2025-02-24 15:14:49.538570,True,"{'1': {'correct': 'Guess whether the AI model would predict the individual to earn more or less than 50k a year', 'selected': 'Guess whether the AI model would predict the individual to earn more or less than 50k a year'}, '2': {'correct': ['-2', '-1'], 'selected': '-2'}, '3': {'correct': '-2', 'selected': '-2'}, '4': {'correct': '-1', 'selected': '2'}}",2025-02-24 15:08:34.905,2025-02-24 15:49:54.438,2025-02-24 15:16:31.777955,2025-02-24 15:43:56.794236,27.416938016666663,7.947882583333333,41.32555,chat
4523,participant_0062,2025-02-24 15:18:21.026374,True,"{'1': {'correct': 'Guess whether the AI model would predict the individual to earn more or less than 50k a year', 'selected': 'Guess whether the AI model would predict the individual to earn more or less than 50k a year'}, '2': {'correct': ['-2', '-1'], 'selected': '-2'}, '3': {'correct': '-2', 'selected': '-2'}, '4': {'correct': '-1', 'selected': '3'}}",2025-02-24 15:15:47.483,2025-02-24 15:41:39.886,2025-02-24 15:19:30.985720,2025-02-24 15:37:56.661575,18.427930916666664,3.7250453333333335,25.873383333333333,chat
4196,participant_0082,2025-02-23 10:42:00.089820,True,"{'1': {'correct': 'Guess whether the AI model would predict the individual to earn more or less than 50k a year', 'selected': 'Guess whether the AI model would predict the individual to earn more or less than 50k a year'}, '2': {'correct': ['-2', '-1'], 'selected': '-2'}, '3': {'correct': '-2', 'selected': '-2'}, '4': {'correct': '-1', 'selected': '2'}}",2025-02-23 10:40:26.584,2025-02-23 11:01:17.464,2025-02-23 10:42:37.389464,2025-02-23 10:57:27.631574,14.8373685,2.180091066666667,20.848000000000003,chat
4209,participant_0044,2025-02-23 11:09:34.206562,True,"{'1': {'correct': 'Guess whether the AI model would predict the individual to earn more or less than 50k a year', 'selected': 'Guess whether the AI model would predict the individual to earn more or less than 50k a year'}, '2': {'correct': ['-2', '-1'], 'selected': '-2'}, '3': {'correct': '-2', 'selected': '-2'}, '4': {'correct': '-1', 'selected': '-1'}}",2025-02-23 11:05:55.079,2025-02-23 11:48:16.554,2025-02-23 11:10:25.063891,2025-02-23 11:43:13.059355,32.7999244,4.499748183333334,42.35791666666667,chat
4214,participant_0112,2025-02-23 11:20:59.215632,True,"{'1': {'correct': 'Guess whether the AI model would predict the individual to earn more or less than 50k a year', 'selected': 'Guess whether the AI model would predict the individual to earn more or less than 50k a year'}, '2': {'correct': ['-2', '-1'], 'selected': '-2'}, '3': {'correct': '-2', 'selected': '-2'}, '4': {'correct': '-1', 'selected': '2'}}",2025-02-23 11:17:11.513,2025-02-23 11:56:34.035,2025-02-23 11:23:14.579060,2025-02-23 11:52:00.902493,28.772057216666667,6.051101,39.375366666666665,chat
4533,participant_0007,2025-02-24 15:56:29.704597,True,"{'1': {'correct': 'Guess whether the AI model would predict the individual to earn more or less than 50k a year', 'selected': 'Guess whether the AI model would predict the individual to earn more or less than 50k a year'}, '2': {'correct': ['-2', '-1'], 'selected': '-2'}, '3': {'correct': '-2', 'selected': '-2'}, '4': {'correct': '-1', 'selected': '3'}}",2025-02-24 15:42:37.222,2025-02-24 16:33:44.068,2025-02-24 16:01:11.199340,2025-02-24 16:26:38.706800,25.458457666666668,18.566289,51.1141,chat
4197,participant_0137,2025-02-23 10:42:07.197579,True,"{'1': {'correct': 'Guess whether the AI model would predict the individual to earn more or less than 50k a year', 'selected': 'Guess whether the AI model would predict the individual to earn more or less than 50k a year'}, '2': {'correct': ['-2', '-1'], 'selected': '-2'}, '3': {'correct': '-2', 'selected': '-2'}, '4': {'correct': '-1', 'selected': '3'}}",2025-02-23 10:39:14.321,2025-02-23 11:16:35.899,2025-02-23 10:42:56.190933,2025-02-23 11:12:29.253317,29.551039733333333,3.697832216666667,37.359633333333335,chat
4199,participant_0111,2025-02-23 10:42:28.520556,True,"{'1': {'correct': 'Guess whether the AI model would predict the individual to earn more or less than 50k a year', 'selected': 'Guess whether the AI model would predict the individual to earn more or less than 50k a year'}, '2': {'correct': ['-2', '-1'], 'selected': '-2'}, '3': {'correct': '-2', 'selected': '-2'}, '4': {'correct': '-1', 'selected': '2'}}",2025-02-23 10:34:14.665,2025-02-23 11:20:50.929,2025-02-23 10:44:46.880996,2025-02-23 11:15:24.641886,30.629348166666663,10.536933266666669,46.604400000000005,chat
4531,participant_0071,2025-02-24 15:55:03.034600,True,"{'1': {'correct': 'Guess whether the AI model would predict the individual to earn more or less than 50k a year', 'selected': 'Guess whether the AI model would predict the individual to earn more or less than 50k a year'}, '2': {'correct': ['-2', '-1'], 'selected': '-2'}, '3': {'correct': '-2', 'selected': '-2'}, '4': {'correct': '-1', 'selected': '1'}}",2025-02-24 15:50:17.443,2025-02-24 16:44:37.877,2025-02-24 15:56:09.487860,2025-02-24 16:39:07.527898,42.967333966666665,5.8674143333333335,54.34056666666667,chat
4217,participant_0132,2025-02-23 11:26:28.179400,True,"{'1': {'correct': 'Guess whether the AI model would predict the individual to earn more or less than 50k a year', 'selected': 'Guess whether the AI model would predict the individual to earn more or less than 50k a year'}, '2': {'correct': ['-2', '-1'], 'selected': '-2'}, '3': {'correct': '-2', 'selected': '-2'}, '4': {'correct': '-1', 'selected': '1'}}",2025-02-23 11:23:16.402,2025-02-23 11:52:20.192,2025-02-23 11:28:12.784590,2025-02-23 11:48:04.328012,19.859057033333332,4.939709833333334,29.063166666666667,chat
4230,participant_0107,2025-02-23 12:03:50.324748,True,"{'1': {'correct': 'Guess whether the AI model would predict the individual to earn more or less than 50k a year', 'selected': 'Guess whether the AI model would predict the individual to earn more or less than 50k a year'}, '2': {'correct': ['-2', '-1'], 'selected': '-2'}, '3': {'correct': '-2', 'selected': '-2'}, '4': {'correct': '-1', 'selected': '-1'}}",2025-02-23 11:54:32.756,2025-02-23 12:48:14.566,2025-02-23 12:04:51.725495,2025-02-23 12:41:26.569058,36.58072605,10.31615825,53.69683333333333,chat
4544,participant_0088,2025-02-24 16:45:29.954188,True,"{'1': {'correct': 'Guess whether the AI model would predict the individual to earn more or less than 50k a year', 'selected': 'Guess whether the AI model would predict the individual to earn more or less than 50k a year'}, '2': {'correct': ['-2', '-1'], 'selected': '-2'}, '3': {'correct': '-2', 'selected': '-2'}, '4': {'correct': '-1', 'selected': '2'}}",2025-02-24 16:33:55.125,2025-02-24 17:03:33.299,2025-02-24 16:47:03.051233,2025-02-24 17:00:15.920562,13.214488816666666,13.132103883333334,29.636233333333333,chat
4227,participant_0010,2025-02-23 12:00:22.029054,True,"{'1': {'correct': 'Guess whether the AI model would predict the individual to earn more or less than 50k a year', 'selected': 'Guess whether the AI model would predict the individual to earn more or less than 50k a year'}, '2': {'correct': ['-2', '-1'], 'selected': '-2'}, '3': {'correct': '-2', 'selected': '-2'}, '4': {'correct': '-1', 'selected': '1'}}",2025-02-23 11:57:11.557,2025-02-23 12:39:48.816,2025-02-23 12:01:07.540642,2025-02-23 12:34:46.717068,33.652940433333335,3.9330607,42.620983333333335,chat
4232,participant_0005,2025-02-23 12:06:35.884621,True,"{'1': {'correct': 'Guess whether the AI model would predict the individual to earn more or less than 50k a year', 'selected': 'Guess whether the AI model would predict the individual to earn more or less than 50k a year'}, '2': {'correct': ['-2', '-1'], 'selected': '-2'}, '3': {'correct': '-2', 'selected': '-2'}, '4': {'correct': '-1', 'selected': '1'}}",2025-02-23 12:01:06.174,2025-02-23 12:40:02.708,2025-02-23 12:09:05.367603,2025-02-23 12:36:28.073002,27.378423316666662,7.98656005,38.942233333333334,chat
4546,participant_0091,2025-02-24 16:48:32.683816,True,"{'1': {'correct': 'Guess whether the AI model would predict the individual to earn more or less than 50k a year', 'selected': 'Guess whether the AI model would predict the individual to earn more or less than 50k a year'}, '2': {'correct': ['-2', '-1'], 'selected': '-2'}, '3': {'correct': '-2', 'selected': '-2'}, '4': {'correct': '-1', 'selected': '2'}}",2025-02-24 16:44:46.796,2025-02-24 17:38:45.331,2025-02-24 16:48:58.191512,2025-02-24 17:27:09.088977,38.181624416666665,4.1899252,53.97558333333333,chat
4243,participant_0030,2025-02-23 12:43:52.505062,True,"{'1': {'correct': 'Guess whether the AI model would predict the individual to earn more or less than 50k a year', 'selected': 'Guess whether the AI model would predict the individual to earn more or less than 50k a year'}, '2': {'correct': ['-2', '-1'], 'selected': '-2'}, '3': {'correct': '-2', 'selected': '-2'}, '4': {'correct': '-1', 'selected': '0'}}",2025-02-23 12:41:31.508,2025-02-23 13:14:27.617,2025-02-23 12:44:53.388601,2025-02-23 13:07:22.867114,22.49130855,3.3646766833333337,32.93515,chat
4264,participant_0099,2025-02-23 13:26:20.443715,True,"{'1': {'correct': 'Guess whether the AI model would predict the individual to earn more or less than 50k a year', 'selected': 'Guess whether the AI model would predict the individual to earn more or less than 50k a year'}, '2': {'correct': ['-2', '-1'], 'selected': '-2'}, '3': {'correct': '-2', 'selected': '-2'}, '4': {'correct': '-1', 'selected': '0'}}",2025-02-23 13:18:39.818,2025-02-23 13:51:43.035,2025-02-23 13:27:55.128310,2025-02-23 13:47:03.240237,19.135198783333333,9.255171833333332,33.05361666666667,chat
4241,participant_0054,2025-02-23 12:41:59.361304,True,"{'1': {'correct': 'Guess whether the AI model would predict the individual to earn more or less than 50k a year', 'selected': 'Guess whether the AI model would predict the individual to earn more or less than 50k a year'}, '2': {'correct': ['-2', '-1'], 'selected': '-2'}, '3': {'correct': '-2', 'selected': '-2'}, '4': {'correct': '-1', 'selected': '1'}}",2025-02-23 12:39:53.741,2025-02-23 13:19:41.393,2025-02-23 12:42:16.234602,2025-02-23 13:16:36.488304,34.3375617,2.374893366666667,39.7942,chat
4250,participant_0123,2025-02-23 12:59:23.977674,True,"{'1': {'correct': 'Guess whether the AI model would predict the individual to earn more or less than 50k a year', 'selected': 'Guess whether the AI model would predict the individual to earn more or less than 50k a year'}, '2': {'correct': ['-2', '-1'], 'selected': '-2'}, '3': {'correct': '-2', 'selected': '-2'}, '4': {'correct': '-1', 'selected': '2'}}",2025-02-23 12:48:14.757,2025-02-23 13:45:42.884,2025-02-23 13:03:02.274220,2025-02-23 13:41:01.251888,37.98296113333333,14.791953666666666,57.468783333333334,chat
4270,participant_0126,2025-02-23 13:36:01.642588,True,"{'1': {'correct': 'Guess whether the AI model would predict the individual to earn more or less than 50k a year', 'selected': 'Guess whether the AI model would predict the individual to earn more or less than 50k a year'}, '2': {'correct': ['-2', '-1'], 'selected': '-2'}, '3': {'correct': '-2', 'selected': '-2'}, '4': {'correct': '-1', 'selected': '2'}}",2025-02-23 13:34:19.056,2025-02-23 14:09:42.833,2025-02-23 13:37:47.712264,2025-02-23 14:06:20.427972,28.5452618,3.4776043999999997,35.396283333333336,chat
4553,participant_0100,2025-02-24 17:11:10.897619,True,"{'1': {'correct': 'Guess whether the AI model would predict the individual to earn more or less than 50k a year', 'selected': 'Guess whether the AI model would predict the individual to earn more or less than 50k a year'}, '2': {'correct': ['-2', '-1'], 'selected': '-2'}, '3': {'correct': '-2', 'selected': '-2'}, '4': {'correct': '-1', 'selected': '2'}}",2025-02-24 17:03:33.549,2025-02-24 18:25:09.306,2025-02-24 17:14:11.850954,2025-02-24 18:20:18.191771,66.10568028333333,10.6383659,81.59594999999999,chat
4283,participant_0025,2025-02-23 14:00:08.662318,True,"{'1': {'correct': 'Guess whether the AI model would predict the individual to earn more or less than 50k a year', 'selected': 'Guess whether the AI model would predict the individual to earn more or less than 50k a year'}, '2': {'correct': ['-2', '-1'], 'selected': '-2'}, '3': {'correct': '-2', 'selected': '-2'}, '4': {'correct': '-1', 'selected': '2'}}",2025-02-23 13:51:43.126,2025-02-23 15:06:50.747,2025-02-23 14:01:54.780925,2025-02-23 15:00:32.188840,58.623465249999995,10.194248750000002,75.12701666666666,chat
4574,participant_0122,2025-02-24 17:43:55.210267,True,"{'1': {'correct': 'Guess whether the AI model would predict the individual to earn more or less than 50k a year', 'selected': 'Guess whether the AI model would predict the individual to earn more or less than 50k a year'}, '2': {'correct': ['-2', '-1'], 'selected': '-2'}, '3': {'correct': '-2', 'selected': '-2'}, '4': {'correct': '-1', 'selected': '2'}}",2025-02-24 17:38:45.393,2025-02-24 18:07:28.819,2025-02-24 17:46:23.645572,2025-02-24 18:01:34.254880,15.1768218,7.637542866666666,28.723766666666663,chat
4288,participant_0037,2025-02-23 14:16:01.632450,True,"{'1': {'correct': 'Guess whether the AI model would predict the individual to earn more or less than 50k a year', 'selected': 'Guess whether the AI model would predict the individual to earn more or less than 50k a year'}, '2': {'correct': ['-2', '-1'], 'selected': '-2'}, '3': {'correct': '-2', 'selected': '-2'}, '4': {'correct': '-1', 'selected': '1'}}",2025-02-23 14:09:44.631,2025-02-23 15:07:56.564,2025-02-23 14:17:06.512350,2025-02-23 15:04:12.967027,47.10757795,7.364689166666667,58.198883333333335,chat
4580,participant_0039,2025-02-24 18:13:24.868114,True,"{'1': {'correct': 'Guess whether the AI model would predict the individual to earn more or less than 50k a year', 'selected': 'Guess whether the AI model would predict the individual to earn more or less than 50k a year'}, '2': {'correct': ['-2', '-1'], 'selected': '-2'}, '3': {'correct': '-2', 'selected': '-2'}, '4': {'correct': '-1', 'selected': '1'}}",2025-02-24 18:07:29.121,2025-02-24 18:36:31.653,2025-02-24 18:14:25.825820,2025-02-24 18:26:26.544159,12.011972316666666,6.945080333333333,29.0422,chat
4307,participant_0128,2025-02-23 15:23:03.424754,True,"{'1': {'correct': 'Guess whether the AI model would predict the individual to earn more or less than 50k a year', 'selected': 'Guess whether the AI model would predict the individual to earn more or less than 50k a year'}, '2': {'correct': ['-2', '-1'], 'selected': '-2'}, '3': {'correct': '-2', 'selected': '-2'}, '4': {'correct': '-1', 'selected': '2'}}",2025-02-23 15:07:24.715,2025-02-23 16:07:18.965,2025-02-23 15:23:24.921614,2025-02-23 15:58:17.369916,34.874138366666664,16.003443566666665,59.90416666666667,chat
4301,participant_0116,2025-02-23 15:10:48.175139,True,"{'1': {'correct': 'Guess whether the AI model would predict the individual to earn more or less than 50k a year', 'selected': 'Guess whether the AI model would predict the individual to earn more or less than 50k a year'}, '2': {'correct': ['-2', '-1'], 'selected': '-2'}, '3': {'correct': '-2', 'selected': '-2'}, '4': {'correct': '-1', 'selected': '-1'}}",2025-02-23 15:07:56.598,2025-02-23 15:41:19.191,2025-02-23 15:11:26.047513,2025-02-23 15:37:04.288553,25.63735066666667,3.4908252166666665,33.37655,chat
4589,participant_0064,2025-02-24 18:39:23.706056,True,"{'1': {'correct': 'Guess whether the AI model would predict the individual to earn more or less than 50k a year', 'selected': 'Guess whether the AI model would predict the individual to earn more or less than 50k a year'}, '2': {'correct': ['-2', '-1'], 'selected': '-2'}, '3': {'correct': '-2', 'selected': '-2'}, '4': {'correct': '-1', 'selected': '1'}}",2025-02-24 18:36:31.672,2025-02-24 19:05:39.432,2025-02-24 18:40:30.396817,2025-02-24 19:01:43.042333,21.2107586,3.97874695,29.12933333333333,chat
4297,participant_0033,2025-02-23 15:04:05.631447,True,"{'1': {'correct': 'Guess whether the AI model would predict the individual to earn more or less than 50k a year', 'selected': 'Guess whether the AI model would predict the individual to earn more or less than 50k a year'}, '2': {'correct': ['-2', '-1'], 'selected': '-2'}, '3': {'correct': '-2', 'selected': '-2'}, '4': {'correct': '-1', 'selected': '1'}}",2025-02-23 15:01:08.120,2025-02-23 15:46:07.840,2025-02-23 15:06:41.202790,2025-02-23 15:42:37.243790,35.93401666666667,5.551379833333333,44.99533333333333,chat
4595,participant_0117,2025-02-24 20:03:11.949954,True,"{'1': {'correct': 'Guess whether the AI model would predict the individual to earn more or less than 50k a year', 'selected': 'Guess whether the AI model would predict the individual to earn more or less than 50k a year'}, '2': {'correct': ['-2', '-1'], 'selected': '-2'}, '3': {'correct': '-2', 'selected': '-2'}, '4': {'correct': '-1', 'selected': '3'}}",2025-02-24 19:05:39.932,2025-02-24 20:30:41.847,2025-02-24 20:03:51.759462,2025-02-24 20:28:41.533038,24.8295596,58.19712436666667,85.03191666666666,chat
4315,participant_0027,2025-02-23 15:45:05.464336,True,"{'1': {'correct': 'Guess whether the AI model would predict the individual to earn more or less than 50k a year', 'selected': 'Guess whether the AI model would predict the individual to earn more or less than 50k a year'}, '2': {'correct': ['-2', '-1'], 'selected': '-2'}, '3': {'correct': '-2', 'selected': '-2'}, '4': {'correct': '-1', 'selected': '0'}}",2025-02-23 15:41:19.196,2025-02-23 16:36:21.092,2025-02-23 15:47:03.094999,2025-02-23 16:26:39.459310,39.60607185,5.731649983333333,55.031600000000005,chat
4320,participant_0102,2025-02-23 15:56:19.338573,True,"{'1': {'correct': 'Guess whether the AI model would predict the individual to earn more or less than 50k a year', 'selected': 'Guess whether the AI model would predict the individual to earn more or less than 50k a year'}, '2': {'correct': ['-2', '-1'], 'selected': '-2'}, '3': {'correct': '-2', 'selected': '-2'}, '4': {'correct': '-1', 'selected': '3'}}",2025-02-23 15:48:38.019,2025-02-23 16:46:52.018,2025-02-23 15:57:55.751193,2025-02-23 16:41:53.919908,43.96947858333333,9.29553655,58.23331666666666,chat
4600,participant_0092,2025-02-24 20:34:26.635156,True,"{'1': {'correct': 'Guess whether the AI model would predict the individual to earn more or less than 50k a year', 'selected': 'Guess whether the AI model would predict the individual to earn more or less than 50k a year'}, '2': {'correct': ['-2', '-1'], 'selected': '-2'}, '3': {'correct': '-2', 'selected': '-2'}, '4': {'correct': '-1', 'selected': '-1'}}",2025-02-24 20:30:42.330,2025-02-24 20:57:28.296,2025-02-24 20:35:19.076797,2025-02-24 20:53:56.243333,18.619442266666667,4.612446616666667,26.7661,chat
4325,participant_0105,2025-02-23 16:16:29.303822,True,"{'1': {'correct': 'Guess whether the AI model would predict the individual to earn more or less than 50k a year', 'selected': 'Guess whether the AI model would predict the individual to earn more or less than 50k a year'}, '2': {'correct': ['-2', '-1'], 'selected': '-2'}, '3': {'correct': '-2', 'selected': '-2'}, '4': {'correct': '-1', 'selected': '2'}}",2025-02-23 16:07:19.104,2025-02-23 16:59:14.842,2025-02-23 16:17:58.163321,2025-02-23 16:51:10.644604,33.20802138333333,10.650988683333331,51.92896666666666,chat
4602,participant_0011,2025-02-24 20:38:05.142021,True,"{'1': {'correct': 'Guess whether the AI model would predict the individual to earn more or less than 50k a year', 'selected': 'Guess whether the AI model would predict the individual to earn more or less than 50k a year'}, '2': {'correct': ['-2', '-1'], 'selected': '-2'}, '3': {'correct': '-2', 'selected': '-2'}, '4': {'correct': '-1', 'selected': '1'}}",2025-02-24 19:52:52.143,2025-02-24 21:08:43.168,2025-02-24 20:43:41.538047,2025-02-24 21:03:38.176818,19.943979516666666,50.823250783333336,75.85041666666666,chat
4358,participant_0074,2025-02-23 17:00:51.113760,True,"{'1': {'correct': 'Guess whether the AI model would predict the individual to earn more or less than 50k a year', 'selected': 'Guess whether the AI model would predict the individual to earn more or less than 50k a year'}, '2': {'correct': ['-2', '-1'], 'selected': '-2'}, '3': {'correct': '-2', 'selected': '-2'}, '4': {'correct': '-1', 'selected': '2'}}",2025-02-23 16:46:52.064,2025-02-23 18:04:05.528,2025-02-23 17:02:42.820024,2025-02-23 17:58:28.884309,55.767738083333334,15.845933733333334,77.2244,chat
4331,participant_0081,2025-02-23 16:43:49.765857,True,"{'1': {'correct': 'Guess whether the AI model would predict the individual to earn more or less than 50k a year', 'selected': 'Guess whether the AI model would predict the individual to earn more or less than 50k a year'}, '2': {'correct': ['-2', '-1'], 'selected': '-2'}, '3': {'correct': '-2', 'selected': '-2'}, '4': {'correct': '-1', 'selected': '2'}}",2025-02-23 16:38:59.236,2025-02-23 17:21:38.039,2025-02-23 16:45:12.998341,2025-02-23 17:17:51.718304,32.645332716666665,6.22937235,42.64671666666666,chat
4615,participant_0114,2025-02-24 21:29:47.058379,True,"{'1': {'correct': 'Guess whether the AI model would predict the individual to earn more or less than 50k a year', 'selected': 'Guess whether the AI model would predict the individual to earn more or less than 50k a year'}, '2': {'correct': ['-2', '-1'], 'selected': '-2'}, '3': {'correct': '-2', 'selected': '-2'}, '4': {'correct': '-1', 'selected': '3'}}",2025-02-24 21:24:58.120,2025-02-24 22:39:18.402,2025-02-24 21:31:24.094344,2025-02-24 22:32:17.192280,60.8849656,6.432905733333333,74.33803333333334,chat
4366,participant_0031,2025-02-23 17:34:17.578396,True,"{'1': {'correct': 'Guess whether the AI model would predict the individual to earn more or less than 50k a year', 'selected': 'Guess whether the AI model would predict the individual to earn more or less than 50k a year'}, '2': {'correct': ['-2', '-1'], 'selected': '-2'}, '3': {'correct': '-2', 'selected': '-2'}, '4': {'correct': '-1', 'selected': '2'}}",2025-02-23 17:21:38.045,2025-02-23 18:16:51.089,2025-02-23 17:36:17.577889,2025-02-23 18:11:04.502237,34.78207246666667,14.658881483333332,55.2174,chat
4619,participant_0078,2025-02-24 22:30:17.860704,True,"{'1': {'correct': 'Guess whether the AI model would predict the individual to earn more or less than 50k a year', 'selected': 'Guess whether the AI model would predict the individual to earn more or less than 50k a year'}, '2': {'correct': ['-2', '-1'], 'selected': '-2'}, '3': {'correct': '-2', 'selected': '-2'}, '4': {'correct': '-1', 'selected': '2'}}",2025-02-24 22:14:52.373,2025-02-24 22:59:11.326,2025-02-24 22:34:09.853365,2025-02-24 22:54:54.805066,20.749195016666665,19.291339416666663,44.31588333333333,chat
4624,participant_0108,2025-02-24 22:54:43.418007,True,"{'1': {'correct': 'Guess whether the AI model would predict the individual to earn more or less than 50k a year', 'selected': 'Guess whether the AI model would predict the individual to earn more or less than 50k a year'}, '2': {'correct': ['-2', '-1'], 'selected': '-2'}, '3': {'correct': '-2', 'selected': '-2'}, '4': {'correct': '-1', 'selected': '1'}}",2025-02-24 22:39:18.524,2025-02-24 23:38:13.084,2025-02-24 22:55:53.660953,2025-02-24 23:32:12.413904,36.31254918333333,16.585615883333332,58.90933333333333,chat
4370,participant_0101,2025-02-23 17:57:56.820261,True,"{'1': {'correct': 'Guess whether the AI model would predict the individual to earn more or less than 50k a year', 'selected': 'Guess whether the AI model would predict the individual to earn more or less than 50k a year'}, '2': {'correct': ['-2', '-1'], 'selected': '-2'}, '3': {'correct': '-2', 'selected': '-2'}, '4': {'correct': '-1', 'selected': '2'}}",2025-02-23 17:48:05.135,2025-02-23 18:28:08.456,2025-02-23 18:00:42.121473,2025-02-23 18:24:46.535932,24.07357431666667,12.616441216666669,40.05535,chat
4639,participant_0006,2025-02-24 23:52:34.612988,True,"{'1': {'correct': 'Guess whether the AI model would predict the individual to earn more or less than 50k a year', 'selected': 'Guess whether the AI model would predict the individual to earn more or less than 50k a year'}, '2': {'correct': ['-2', '-1'], 'selected': '-2'}, '3': {'correct': '-2', 'selected': '-2'}, '4': {'correct': '-1', 'selected': '2'}}",2025-02-24 23:46:24.929,2025-02-25 00:40:15.936,2025-02-24 23:55:30.506599,2025-02-25 00:32:36.175995,37.09448993333333,9.092959983333332,53.850116666666665,chat
4396,participant_0046,2025-02-23 18:53:49.678090,True,"{'1': {'correct': 'Guess whether the AI model would predict the individual to earn more or less than 50k a year', 'selected': 'Guess whether the AI model would predict the individual to earn more or less than 50k a year'}, '2': {'correct': ['-2', '-1'], 'selected': '-2'}, '3': {'correct': '-2', 'selected': '-2'}, '4': {'correct': '-1', 'selected': '3'}}",2025-02-23 18:39:11.924,2025-02-23 19:38:44.320,2025-02-23 18:55:07.923579,2025-02-23 19:32:40.420689,37.5416185,15.933326316666667,59.53993333333334,chat
4643,participant_0085,2025-02-25 00:27:19.628254,True,"{'1': {'correct': 'Guess whether the AI model would predict the individual to earn more or less than 50k a year', 'selected': 'Guess whether the AI model would predict the individual to earn more or less than 50k a year'}, '2': {'correct': ['-2', '-1'], 'selected': '-2'}, '3': {'correct': '-2', 'selected': '-2'}, '4': {'correct': '-1', 'selected': '3'}}",2025-02-25 00:24:02.917,2025-02-25 01:01:14.744,2025-02-25 00:28:28.771643,2025-02-25 00:57:29.940732,29.019484816666665,4.430910716666667,37.19711666666667,chat
4378,participant_0049,2025-02-23 18:19:26.138974,True,"{'1': {'correct': 'Guess whether the AI model would predict the individual to earn more or less than 50k a year', 'selected': 'Guess whether the AI model would predict the individual to earn more or less than 50k a year'}, '2': {'correct': ['-2', '-1'], 'selected': '-2'}, '3': {'correct': '-2', 'selected': '-2'}, '4': {'correct': '-1', 'selected': '2'}}",2025-02-23 18:16:51.771,2025-02-23 18:38:18.710,2025-02-23 18:20:20.646468,2025-02-23 18:35:12.624828,14.866306,3.4812578000000003,21.448983333333334,chat
4394,participant_0042,2025-02-23 18:51:24.294927,True,"{'1': {'correct': 'Guess whether the AI model would predict the individual to earn more or less than 50k a year', 'selected': 'Guess whether the AI model would predict the individual to earn more or less than 50k a year'}, '2': {'correct': ['-2', '-1'], 'selected': '-2'}, '3': {'correct': '-2', 'selected': '-2'}, '4': {'correct': '-1', 'selected': '2'}}",2025-02-23 18:28:09.336,2025-02-23 19:24:07.859,2025-02-23 18:51:40.898551,2025-02-23 19:18:12.319130,26.52367631666667,23.526042516666667,55.97538333333333,chat
4652,participant_0079,2025-02-25 01:03:53.418425,True,"{'1': {'correct': 'Guess whether the AI model would predict the individual to earn more or less than 50k a year', 'selected': 'Guess whether the AI model would predict the individual to earn more or less than 50k a year'}, '2': {'correct': ['-2', '-1'], 'selected': '-2'}, '3': {'correct': '-2', 'selected': '-2'}, '4': {'correct': '-1', 'selected': '-1'}}",2025-02-25 01:01:31.962,2025-02-25 01:33:12.258,2025-02-25 01:04:49.532345,2025-02-25 01:28:16.814157,23.454696866666666,3.2928390833333334,31.6716,chat
4648,participant_0020,2025-02-25 00:51:23.042196,True,"{'1': {'correct': 'Guess whether the AI model would predict the individual to earn more or less than 50k a year', 'selected': 'Guess whether the AI model would predict the individual to earn more or less than 50k a year'}, '2': {'correct': ['-2', '-1'], 'selected': '-2'}, '3': {'correct': '-2', 'selected': '-2'}, '4': {'correct': '-1', 'selected': '3'}}",2025-02-25 00:42:59.870,2025-02-25 01:45:09.619,2025-02-25 00:53:31.068610,2025-02-25 01:39:28.786218,45.961960133333335,10.519976833333336,62.16248333333333,chat
4658,participant_0053,2025-02-25 01:38:37.996921,True,"{'1': {'correct': 'Guess whether the AI model would predict the individual to earn more or less than 50k a year', 'selected': 'Guess whether the AI model would predict the individual to earn more or less than 50k a year'}, '2': {'correct': ['-2', '-1'], 'selected': '-2'}, '3': {'correct': '-2', 'selected': '-2'}, '4': {'correct': '-1', 'selected': '1'}}",2025-02-25 01:35:46.533,2025-02-25 02:26:59.843,2025-02-25 01:39:53.520206,2025-02-25 02:21:49.793149,41.93788238333333,4.116453433333333,51.22183333333333,chat
4411,participant_0065,2025-02-23 19:55:06.745398,True,"{'1': {'correct': 'Guess whether the AI model would predict the individual to earn more or less than 50k a year', 'selected': 'Guess whether the AI model would predict the individual to earn more or less than 50k a year'}, '2': {'correct': ['-2', '-1'], 'selected': '-2'}, '3': {'correct': '-2', 'selected': '-2'}, '4': {'correct': '-1', 'selected': '2'}}",2025-02-23 19:42:12.315,2025-02-23 20:49:22.233,2025-02-23 19:56:58.422158,2025-02-23 20:42:09.597030,45.18624786666667,14.768452633333334,67.1653,chat
4662,participant_0034,2025-02-25 01:47:28.423727,True,"{'1': {'correct': 'Guess whether the AI model would predict the individual to earn more or less than 50k a year', 'selected': 'Guess whether the AI model would predict the individual to earn more or less than 50k a year'}, '2': {'correct': ['-2', '-1'], 'selected': '-2'}, '3': {'correct': '-2', 'selected': '-2'}, '4': {'correct': '-1', 'selected': '2'}}",2025-02-25 01:46:11.584,2025-02-25 02:04:17.009,2025-02-25 01:47:57.117677,2025-02-25 02:01:33.146209,13.600475533333334,1.7588946166666666,18.090416666666663,chat
4431,participant_0076,2025-02-23 20:51:54.814025,True,"{'1': {'correct': 'Guess whether the AI model would predict the individual to earn more or less than 50k a year', 'selected': 'Guess whether the AI model would predict the individual to earn more or less than 50k a year'}, '2': {'correct': ['-2', '-1'], 'selected': '-2'}, '3': {'correct': '-2', 'selected': '-2'}, '4': {'correct': '-1', 'selected': '-2'}}",2025-02-23 20:49:22.246,2025-02-23 21:26:48.330,2025-02-23 20:52:49.526623,2025-02-23 21:22:27.213407,29.628113066666668,3.45467705,37.434733333333334,chat
4428,participant_0138,2025-02-23 20:47:19.227731,True,"{'1': {'correct': 'Guess whether the AI model would predict the individual to earn more or less than 50k a year', 'selected': 'Guess whether the AI model would predict the individual to earn more or less than 50k a year'}, '2': {'correct': ['-2', '-1'], 'selected': '-2'}, '3': {'correct': '-2', 'selected': '-2'}, '4': {'correct': '-1', 'selected': '2'}}",2025-02-23 20:45:20.770,2025-02-23 21:37:51.596,2025-02-23 20:50:18.433347,2025-02-23 21:33:35.424036,43.283178150000005,4.961055783333333,52.51376666666667,chat
4672,participant_0075,2025-02-25 02:28:46.466832,True,"{'1': {'correct': 'Guess whether the AI model would predict the individual to earn more or less than 50k a year', 'selected': 'Guess whether the AI model would predict the individual to earn more or less than 50k a year'}, '2': {'correct': ['-2', '-1'], 'selected': '-2'}, '3': {'correct': '-2', 'selected': '-1'}, '4': {'correct': '-1', 'selected': '2'}}",2025-02-25 02:27:27.815,2025-02-25 02:50:42.364,2025-02-25 02:29:44.894000,2025-02-25 02:47:47.339215,18.040753583333338,2.28465,23.242483333333332,chat
4668,participant_0136,2025-02-25 02:20:42.807383,True,"{'1': {'correct': 'Guess whether the AI model would predict the individual to earn more or less than 50k a year', 'selected': 'Guess whether the AI model would predict the individual to earn more or less than 50k a year'}, '2': {'correct': ['-2', '-1'], 'selected': '-2'}, '3': {'correct': '-2', 'selected': '-2'}, '4': {'correct': '-1', 'selected': '3'}}",2025-02-25 02:04:20.754,2025-02-25 03:01:28.383,2025-02-25 02:22:47.214424,2025-02-25 02:52:08.793852,29.359657133333332,18.441007066666668,57.12715,chat
4438,participant_0097,2025-02-23 21:27:39.678932,True,"{'1': {'correct': 'Guess whether the AI model would predict the individual to earn more or less than 50k a year', 'selected': 'Guess whether the AI model would predict the individual to earn more or less than 50k a year'}, '2': {'correct': ['-2', '-1'], 'selected': '-2'}, '3': {'correct': '-2', 'selected': '-2'}, '4': {'correct': '-1', 'selected': '2'}}",2025-02-23 21:26:48.760,2025-02-23 21:57:06.502,2025-02-23 21:28:07.260402,2025-02-23 21:37:00.003479,8.879051283333332,1.3083400333333333,30.2957,chat
4681,participant_0052,2025-02-25 03:04:28.488621,True,"{'1': {'correct': 'Guess whether the AI model would predict the individual to earn more or less than 50k a year', 'selected': 'Guess whether the AI model would predict the individual to earn more or less than 50k a year'}, '2': {'correct': ['-2', '-1'], 'selected': '-2'}, '3': {'correct': '-2', 'selected': '-2'}, '4': {'correct': '-1', 'selected': '-2'}}",2025-02-25 03:01:32.282,2025-02-25 03:34:33.710,2025-02-25 03:05:12.995121,2025-02-25 03:31:14.062218,26.017784950000003,3.6785520166666665,33.0238,chat
4446,participant_0048,2025-02-23 21:42:25.906108,True,"{'1': {'correct': 'Guess whether the AI model would predict the individual to earn more or less than 50k a year', 'selected': 'Guess whether the AI model would predict the individual to earn more or less than 50k a year'}, '2': {'correct': ['-2', '-1'], 'selected': '-2'}, '3': {'correct': '-2', 'selected': '-2'}, '4': {'correct': '-1', 'selected': '2'}}",2025-02-23 20:42:11.831,2025-02-23 22:05:58.773,2025-02-23 21:44:25.448987,2025-02-23 23:49:48.985153,125.39226943333333,62.22696645,83.78236666666666,chat
4678,participant_0109,2025-02-25 02:55:25.333859,True,"{'1': {'correct': 'Guess whether the AI model would predict the individual to earn more or less than 50k a year', 'selected': 'Guess whether the AI model would predict the individual to earn more or less than 50k a year'}, '3': {'correct': '-2', 'selected': '-2'}, '4': {'correct': '-1', 'selected': '1'}}",2025-02-25 02:51:09.984,2025-02-25 03:58:20.533,2025-02-25 02:57:35.056238,2025-02-25 03:50:33.901238,52.98074999999999,6.417870633333334,67.17581666666666,chat
4451,participant_0012,2025-02-23 22:16:48.992375,True,"{'1': {'correct': 'Guess whether the AI model would predict the individual to earn more or less than 50k a year', 'selected': 'Guess whether the AI model would predict the individual to earn more or less than 50k a year'}, '2': {'correct': ['-2', '-1'], 'selected': '-2'}, '3': {'correct': '-2', 'selected': '-2'}, '4': {'correct': '-1', 'selected': '3'}}",2025-02-23 22:13:36.948,2025-02-23 22:55:44.301,2025-02-23 22:18:20.893710,2025-02-23 22:51:06.741821,32.76413518333333,4.7324285,42.12255,chat
4697,participant_0070,2025-02-25 04:26:35.819017,True,"{'1': {'correct': 'Guess whether the AI model would predict the individual to earn more or less than 50k a year', 'selected': 'Guess whether the AI model would predict the individual to earn more or less than 50k a year'}, '2': {'correct': ['-2', '-1'], 'selected': '-2'}, '3': {'correct': '-2', 'selected': '-2'}, '4': {'correct': '-1', 'selected': '0'}}",2025-02-25 04:23:53.009,2025-02-25 04:58:06.543,2025-02-25 04:29:01.067279,2025-02-25 04:52:40.836732,23.662824216666667,5.134304650000001,34.225566666666666,chat
4462,participant_0093,2025-02-24 11:38:21.511511,True,"{'1': {'correct': 'Guess whether the AI model would predict the individual to earn more or less than 50k a year', 'selected': 'Guess whether the AI model would predict the individual to earn more or less than 50k a year'}, '2': {'correct': ['-2', '-1'], 'selected': '-2'}, '3': {'correct': '-2', 'selected': '-2'}, '4': {'correct': '-1', 'selected': '2'}}",2025-02-24 11:24:46.800,2025-02-24 12:10:01.888,2025-02-24 11:39:26.853804,2025-02-24 12:07:05.182892,27.638818133333334,14.6675634,45.25146666666667,chat
4460,participant_0077,2025-02-24 11:34:26.444446,True,"{'1': {'correct': 'Guess whether the AI model would predict the individual to earn more or less than 50k a year', 'selected': 'Guess whether the AI model would predict the individual to earn more or less than 50k a year'}, '2': {'correct': ['-2', '-1'], 'selected': '-2'}, '3': {'correct': '-2', 'selected': '-2'}, '4': {'correct': '-1', 'selected': '2'}}",2025-02-24 11:26:46.452,2025-02-24 12:15:24.910,2025-02-24 11:36:30.401363,2025-02-24 12:11:54.111915,35.39517586666667,9.732489383333332,48.64096666666667,chat
