id,user_id,created_at,completed,attention_checks,prolific_id,end_time,prolific_end_time,prolific_start_time
4485,edb2deca-eb99-4fb1-87f8-a1a44fa9e503,2025-02-24 12:42:38.938946,True,"{'1': {'correct': 'Guess whether the AI model would predict the individual to earn more or less than 50k a year', 'selected': 'Guess whether the AI model would predict the individual to earn more or less than 50k a year'}, '2': {'correct': ['-2', '-1'], 'selected': '-2'}, '3': {'correct': '-2', 'selected': '-2'}, '4': {'correct': '-1', 'selected': '3'}}",677e711cdae0199f19d68029,,2025-02-24 13:25:57.074,2025-02-24 12:37:46.192
4009,d531bb5a-25d9-4018-93f6-7022b9b99c55,2025-02-23 02:15:42.624591,True,"{'1': {'correct': 'Guess whether the AI model would predict the individual to earn more or less than 50k a year', 'selected': 'Guess whether the AI model would predict the individual to earn more or less than 50k a year'}, '2': {'correct': ['-2', '-1'], 'selected': '-2'}, '3': {'correct': '-2', 'selected': '-2'}, '4': {'correct': '-1', 'selected': '2'}}",652fcdc57cc2ae3b4731184b,,2025-02-23 03:21:47.903,2025-02-23 02:07:03.097
4012,2134ec3e-edb8-421b-ad3f-08a6ec3fc224,2025-02-23 02:24:56.816033,True,"{'1': {'correct': 'Guess whether the AI model would predict the individual to earn more or less than 50k a year', 'selected': 'Guess whether the AI model would predict the individual to earn more or less than 50k a year'}, '2': {'correct': ['-2', '-1'], 'selected': '-2'}, '3': {'correct': '-2', 'selected': '-2'}, '4': {'correct': '-1', 'selected': '2'}}",67351d691e6e9753f1834168,,2025-02-23 03:33:25.723,2025-02-23 02:12:37.485
3919,7aeec119-17e8-4082-9808-e8f6e87207d1,2025-02-22 23:13:02.492094,True,"{'1': {'correct': 'Guess whether the AI model would predict the individual to earn more or less than 50k a year', 'selected': 'Guess whether the AI model would predict the individual to earn more or less than 50k a year'}, '2': {'correct': ['-2', '-1'], 'selected': '-2'}, '3': {'correct': '-2', 'selected': '-2'}, '4': {'correct': '-1', 'selected': '-1'}}",5c56025fcb61950001038a76,,2025-02-22 23:39:35.867,2025-02-22 23:09:18.898
3925,703b674e-3466-4553-9ef5-e4ac4c1bfe2a,2025-02-22 23:22:21.881934,True,"{'1': {'correct': 'Guess whether the AI model would predict the individual to earn more or less than 50k a year', 'selected': 'Guess whether the AI model would predict the individual to earn more or less than 50k a year'}, '2': {'correct': ['-2', '-1'], 'selected': '-2'}, '3': {'correct': '-2', 'selected': '-2'}, '4': {'correct': '-1', 'selected': '-2'}}",67b74f10e9c6ecf172e4bf5a,,2025-02-22 23:33:14.309,2025-02-22 23:20:45.386
3932,f5f77764-3c9e-4201-9ab9-51cd5522ae4c,2025-02-22 23:33:08.153307,True,"{'1': {'correct': 'Guess whether the AI model would predict the individual to earn more or less than 50k a year', 'selected': 'Guess whether the AI model would predict the individual to earn more or less than 50k a year'}, '2': {'correct': ['-2', '-1'], 'selected': '-2'}, '3': {'correct': '-2', 'selected': '-2'}, '4': {'correct': '-1', 'selected': '-1'}}",5ab8d182e1546900019b7195,,2025-02-23 00:02:47.203,2025-02-22 23:30:18.442
4042,914ea0a1-c6f3-4d78-9adf-7a58672470bf,2025-02-23 04:02:06.965365,True,"{'1': {'correct': 'Guess whether the AI model would predict the individual to earn more or less than 50k a year', 'selected': 'Guess whether the AI model would predict the individual to earn more or less than 50k a year'}, '2': {'correct': ['-2', '-1'], 'selected': '-2'}, '3': {'correct': '-2', 'selected': '-2'}, '4': {'correct': '-1', 'selected': '2'}}",5cfb5233df7d70001619ca90,,2025-02-23 04:54:22.579,2025-02-23 03:33:25.726
4043,13637671-9726-46ac-9dab-e8d11a2a4ee1,2025-02-23 04:04:55.068937,True,"{'1': {'correct': 'Guess whether the AI model would predict the individual to earn more or less than 50k a year', 'selected': 'Guess whether the AI model would predict the individual to earn more or less than 50k a year'}, '2': {'correct': ['-2', '-1'], 'selected': '-2'}, '3': {'correct': '-2', 'selected': '-2'}, '4': {'correct': '-1', 'selected': '3'}}",5edeea354d54cb1a825aa8f9,,2025-02-23 05:01:45.420,2025-02-23 03:57:43.220
4493,b45f290e-8c6d-40bc-a446-a0c512c8be8a,2025-02-24 13:04:31.861451,True,"{'1': {'correct': 'Guess whether the AI model would predict the individual to earn more or less than 50k a year', 'selected': 'Guess whether the AI model would predict the individual to earn more or less than 50k a year'}, '2': {'correct': ['-2', '-1'], 'selected': '-2'}, '3': {'correct': '-2', 'selected': '-2'}, '4': {'correct': '-1', 'selected': '3'}}",671d54a9f1b8f62b62dbcc7e,,2025-02-24 13:45:26.804,2025-02-24 12:58:22.404
3954,578bc8db-e6fa-42bb-8e67-f323730cc107,2025-02-23 00:12:23.241614,True,"{'1': {'correct': 'Guess whether the AI model would predict the individual to earn more or less than 50k a year', 'selected': 'Guess whether the AI model would predict the individual to earn more or less than 50k a year'}, '2': {'correct': ['-2', '-1'], 'selected': '-2'}, '3': {'correct': '-2', 'selected': '-2'}, '4': {'correct': '-1', 'selected': '-1'}}",572d05c688902e00091e4a2c,,2025-02-23 00:55:37.451,2025-02-23 00:05:41.647
3956,a7c4a036-a25c-4e61-b020-ff1a3099c99c,2025-02-23 00:15:31.273129,True,"{'1': {'correct': 'Guess whether the AI model would predict the individual to earn more or less than 50k a year', 'selected': 'Guess whether the AI model would predict the individual to earn more or less than 50k a year'}, '2': {'correct': ['-2', '-1'], 'selected': '-2'}, '3': {'correct': '-2', 'selected': '-2'}, '4': {'correct': '-1', 'selected': '1'}}",6658f0a58f1ee667f4264a93,,2025-02-23 00:50:41.510,2025-02-23 00:12:49.293
4056,035cd55c-563e-42d9-bce5-2b55392dde1a,2025-02-23 04:32:56.034629,True,"{'1': {'correct': 'Guess whether the AI model would predict the individual to earn more or less than 50k a year', 'selected': 'Guess whether the AI model would predict the individual to earn more or less than 50k a year'}, '2': {'correct': ['-2', '-1'], 'selected': '-2'}, '3': {'correct': '-2', 'selected': '-2'}, '4': {'correct': '-1', 'selected': '3'}}",62fbdda6e4b5a034b71296f8,,2025-02-23 05:04:42.366,2025-02-23 04:26:14.434
4065,ec41f8db-1834-496d-9948-10c0e1fd2304,2025-02-23 05:06:30.577122,True,"{'1': {'correct': 'Guess whether the AI model would predict the individual to earn more or less than 50k a year', 'selected': 'Guess whether the AI model would predict the individual to earn more or less than 50k a year'}, '2': {'correct': ['-2', '-1'], 'selected': '-2'}, '3': {'correct': '-2', 'selected': '-2'}, '4': {'correct': '-1', 'selected': '1'}}",59cff8eed227970001199862,,2025-02-23 05:38:14.842,2025-02-23 05:02:31.701
3987,2901bbf2-b970-4686-b70d-8197a3b3d36a,2025-02-23 01:26:40.813416,True,"{'1': {'correct': 'Guess whether the AI model would predict the individual to earn more or less than 50k a year', 'selected': 'Guess whether the AI model would predict the individual to earn more or less than 50k a year'}, '2': {'correct': ['-2', '-1'], 'selected': '-2'}, '3': {'correct': '-2', 'selected': '-2'}, '4': {'correct': '-1', 'selected': '1'}}",55d234b45bc5bc0005d9039d,,2025-02-23 02:01:56.806,2025-02-23 01:23:12.630
3995,ca8f0939-547a-466c-8279-45e8d5b2cffc,2025-02-23 01:48:04.859299,True,"{'1': {'correct': 'Guess whether the AI model would predict the individual to earn more or less than 50k a year', 'selected': 'Guess whether the AI model would predict the individual to earn more or less than 50k a year'}, '2': {'correct': ['-2', '-1'], 'selected': '-2'}, '3': {'correct': '-2', 'selected': '-2'}, '4': {'correct': '-1', 'selected': '3'}}",6110b901d3037af4edb435c5,,2025-02-23 02:20:15.175,2025-02-23 01:42:25.366
4088,69a979ba-4f47-4ca9-8fa1-048ba9d870be,2025-02-23 05:50:14.902267,True,"{'1': {'correct': 'Guess whether the AI model would predict the individual to earn more or less than 50k a year', 'selected': 'Guess whether the AI model would predict the individual to earn more or less than 50k a year'}, '2': {'correct': ['-2', '-1'], 'selected': '-2'}, '3': {'correct': '-2', 'selected': '-2'}, '4': {'correct': '-1', 'selected': '0'}}",67a6bb3dec20e45bc36127e0,,2025-02-23 06:52:48.949,2025-02-23 05:45:14.602
4504,40079868-32ce-46f1-860c-c9cab52022ec,2025-02-24 13:45:37.852103,True,"{'1': {'correct': 'Guess whether the AI model would predict the individual to earn more or less than 50k a year', 'selected': 'Guess whether the AI model would predict the individual to earn more or less than 50k a year'}, '2': {'correct': ['-2', '-1'], 'selected': '-2'}, '3': {'correct': '-2', 'selected': '-2'}, '4': {'correct': '-1', 'selected': '0'}}",63ced18d1623c5714ab478b7,,2025-02-24 14:27:24.999,2025-02-24 13:27:21.933
4018,17a94144-1178-4f27-ac07-43a7998d82bd,2025-02-23 02:48:28.364138,True,"{'1': {'correct': 'Guess whether the AI model would predict the individual to earn more or less than 50k a year', 'selected': 'Guess whether the AI model would predict the individual to earn more or less than 50k a year'}, '2': {'correct': ['-2', '-1'], 'selected': '-2'}, '3': {'correct': '-2', 'selected': '-2'}, '4': {'correct': '-1', 'selected': '2'}}",5c4f5967aac8be0001716a65,,2025-02-23 03:14:06.070,2025-02-23 02:25:57.190
4021,00a37cd9-4289-400b-b885-b7989f5bff00,2025-02-23 02:52:22.853154,True,"{'1': {'correct': 'Guess whether the AI model would predict the individual to earn more or less than 50k a year', 'selected': 'Guess whether the AI model would predict the individual to earn more or less than 50k a year'}, '2': {'correct': ['-2', '-1'], 'selected': '-2'}, '3': {'correct': '-2', 'selected': '-2'}, '4': {'correct': '-1', 'selected': '2'}}",675355f5119e42585a9226cf,,2025-02-23 04:14:00.651,2025-02-23 02:40:03.312
4004,c6ca1d1c-b1b7-4585-a874-675e820d9d5f,2025-02-23 02:04:35.247037,True,"{'1': {'correct': 'Guess whether the AI model would predict the individual to earn more or less than 50k a year', 'selected': 'Guess whether the AI model would predict the individual to earn more or less than 50k a year'}, '2': {'correct': ['-2', '-1'], 'selected': '-2'}, '3': {'correct': '-2', 'selected': '-2'}, '4': {'correct': '-1', 'selected': '0'}}",5f4412624052727181839e3a,,2025-02-23 02:40:02.962,2025-02-23 02:02:03.477
4148,66aec37a-5bfb-4039-8858-2b191b99ba32,2025-02-23 07:10:27.391819,True,"{'1': {'correct': 'Guess whether the AI model would predict the individual to earn more or less than 50k a year', 'selected': 'Guess whether the AI model would predict the individual to earn more or less than 50k a year'}, '2': {'correct': ['-2', '-1'], 'selected': '-2'}, '3': {'correct': '-2', 'selected': '-2'}, '4': {'correct': '-1', 'selected': '2'}}",66db455debd3438472ba6fc6,,2025-02-23 07:52:32.301,2025-02-23 07:03:43.352
4152,e5f131a0-cb0a-4c70-b413-d9df24fa16af,2025-02-23 07:18:10.836642,True,"{'1': {'correct': 'Guess whether the AI model would predict the individual to earn more or less than 50k a year', 'selected': 'Guess whether the AI model would predict the individual to earn more or less than 50k a year'}, '2': {'correct': ['-2', '-1'], 'selected': '-2'}, '3': {'correct': '-2', 'selected': '-2'}, '4': {'correct': '-1', 'selected': '3'}}",67acc93369e412a591c8e9e1,,2025-02-23 08:10:10.931,2025-02-23 06:53:45.729
4154,bd86dc3b-7425-4be9-be4e-293f11ed2377,2025-02-23 07:22:58.092997,True,"{'1': {'correct': 'Guess whether the AI model would predict the individual to earn more or less than 50k a year', 'selected': 'Guess whether the AI model would predict the individual to earn more or less than 50k a year'}, '2': {'correct': ['-2', '-1'], 'selected': '-2'}, '3': {'correct': '-2', 'selected': '-2'}, '4': {'correct': '-1', 'selected': '1'}}",662fb42cc3458e96dee33181,,2025-02-23 07:51:12.937,2025-02-23 07:20:53.705
4166,b39c3dd4-ce18-47a5-92de-ef4b899bf0ab,2025-02-23 08:02:19.920082,True,"{'1': {'correct': 'Guess whether the AI model would predict the individual to earn more or less than 50k a year', 'selected': 'Guess whether the AI model would predict the individual to earn more or less than 50k a year'}, '2': {'correct': ['-2', '-1'], 'selected': '-2'}, '3': {'correct': '-2', 'selected': '-2'}, '4': {'correct': '-1', 'selected': '1'}}",67859ff819bad167dbeff228,,2025-02-23 09:01:11.543,2025-02-23 07:51:16.950
4184,0ee9ad77-257b-4576-aecc-2a0e4d7a7f73,2025-02-23 08:17:49.792457,True,"{'1': {'correct': 'Guess whether the AI model would predict the individual to earn more or less than 50k a year', 'selected': 'Guess whether the AI model would predict the individual to earn more or less than 50k a year'}, '2': {'correct': ['-2', '-1'], 'selected': '-2'}, '3': {'correct': '-2', 'selected': '-2'}, '4': {'correct': '-1', 'selected': '3'}}",672943f01665b053c5cd5c86,,2025-02-23 09:28:26.674,2025-02-23 08:10:25.410
4509,e6b4c703-d69a-4f21-9b23-2f2c093685de,2025-02-24 14:10:51.053570,True,"{'1': {'correct': 'Guess whether the AI model would predict the individual to earn more or less than 50k a year', 'selected': 'Guess whether the AI model would predict the individual to earn more or less than 50k a year'}, '2': {'correct': ['-2', '-1'], 'selected': '-2'}, '3': {'correct': '-2', 'selected': '-2'}, '4': {'correct': '-1', 'selected': '2'}}",66986c9ad97d2e5ff07329c1,,2025-02-24 15:15:05.241,2025-02-24 13:52:38.166
4521,e677ffa0-f31e-42b6-9941-18f4fda70789,2025-02-24 15:14:49.538570,True,"{'1': {'correct': 'Guess whether the AI model would predict the individual to earn more or less than 50k a year', 'selected': 'Guess whether the AI model would predict the individual to earn more or less than 50k a year'}, '2': {'correct': ['-2', '-1'], 'selected': '-2'}, '3': {'correct': '-2', 'selected': '-2'}, '4': {'correct': '-1', 'selected': '2'}}",67529d0aecb73bfe140d521f,,2025-02-24 15:49:54.438,2025-02-24 15:08:34.905
4523,74433750-1f94-45ff-a50c-7a41bfbb702b,2025-02-24 15:18:21.026374,True,"{'1': {'correct': 'Guess whether the AI model would predict the individual to earn more or less than 50k a year', 'selected': 'Guess whether the AI model would predict the individual to earn more or less than 50k a year'}, '2': {'correct': ['-2', '-1'], 'selected': '-2'}, '3': {'correct': '-2', 'selected': '-2'}, '4': {'correct': '-1', 'selected': '3'}}",6727ea3905ae5d0d2cb5180c,,2025-02-24 15:41:39.886,2025-02-24 15:15:47.483
4214,dca910b0-6c61-4b71-b0a9-bf2ffb4e70a1,2025-02-23 11:20:59.215632,True,"{'1': {'correct': 'Guess whether the AI model would predict the individual to earn more or less than 50k a year', 'selected': 'Guess whether the AI model would predict the individual to earn more or less than 50k a year'}, '2': {'correct': ['-2', '-1'], 'selected': '-2'}, '3': {'correct': '-2', 'selected': '-2'}, '4': {'correct': '-1', 'selected': '2'}}",5d1e0b068777b50001f52b0e,,2025-02-23 11:56:34.035,2025-02-23 11:17:11.513
4533,09fc0fcc-d98e-49be-8314-376a6d024ad5,2025-02-24 15:56:29.704597,True,"{'1': {'correct': 'Guess whether the AI model would predict the individual to earn more or less than 50k a year', 'selected': 'Guess whether the AI model would predict the individual to earn more or less than 50k a year'}, '2': {'correct': ['-2', '-1'], 'selected': '-2'}, '3': {'correct': '-2', 'selected': '-2'}, '4': {'correct': '-1', 'selected': '3'}}",673631fb062d6c8e899e7802,,2025-02-24 16:33:44.068,2025-02-24 15:42:37.222
4197,ffd5071d-f4bb-4f74-addd-69bd8c27799b,2025-02-23 10:42:07.197579,True,"{'1': {'correct': 'Guess whether the AI model would predict the individual to earn more or less than 50k a year', 'selected': 'Guess whether the AI model would predict the individual to earn more or less than 50k a year'}, '2': {'correct': ['-2', '-1'], 'selected': '-2'}, '3': {'correct': '-2', 'selected': '-2'}, '4': {'correct': '-1', 'selected': '3'}}",63fcfd532173ce9f787ddb9f,,2025-02-23 11:16:35.899,2025-02-23 10:39:14.321
4199,db8b34e1-7c18-476d-b2d7-7d0dddb91cb7,2025-02-23 10:42:28.520556,True,"{'1': {'correct': 'Guess whether the AI model would predict the individual to earn more or less than 50k a year', 'selected': 'Guess whether the AI model would predict the individual to earn more or less than 50k a year'}, '2': {'correct': ['-2', '-1'], 'selected': '-2'}, '3': {'correct': '-2', 'selected': '-2'}, '4': {'correct': '-1', 'selected': '2'}}",62aa11e38f2e5735ff291c2b,,2025-02-23 11:20:50.929,2025-02-23 10:34:14.665
4531,8d03a668-9509-4e2f-85ba-e4eaf2f41f26,2025-02-24 15:55:03.034600,True,"{'1': {'correct': 'Guess whether the AI model would predict the individual to earn more or less than 50k a year', 'selected': 'Guess whether the AI model would predict the individual to earn more or less than 50k a year'}, '2': {'correct': ['-2', '-1'], 'selected': '-2'}, '3': {'correct': '-2', 'selected': '-2'}, '4': {'correct': '-1', 'selected': '1'}}",664212577c09653c94741aab,,2025-02-24 16:44:37.877,2025-02-24 15:50:17.443
4230,d53ca397-b3a8-4149-ab04-02f66e20a39d,2025-02-23 12:03:50.324748,True,"{'1': {'correct': 'Guess whether the AI model would predict the individual to earn more or less than 50k a year', 'selected': 'Guess whether the AI model would predict the individual to earn more or less than 50k a year'}, '2': {'correct': ['-2', '-1'], 'selected': '-2'}, '3': {'correct': '-2', 'selected': '-2'}, '4': {'correct': '-1', 'selected': '-1'}}",6781a4f94c667373feaae5a7,,2025-02-23 12:48:14.566,2025-02-23 11:54:32.756
4227,0f1ce75e-36db-4872-bd04-933754a0d95c,2025-02-23 12:00:22.029054,True,"{'1': {'correct': 'Guess whether the AI model would predict the individual to earn more or less than 50k a year', 'selected': 'Guess whether the AI model would predict the individual to earn more or less than 50k a year'}, '2': {'correct': ['-2', '-1'], 'selected': '-2'}, '3': {'correct': '-2', 'selected': '-2'}, '4': {'correct': '-1', 'selected': '1'}}",665ed429e094d368fab225c3,,2025-02-23 12:39:48.816,2025-02-23 11:57:11.557
4232,0628caa8-29e7-4ebb-b2b7-303ab1681777,2025-02-23 12:06:35.884621,True,"{'1': {'correct': 'Guess whether the AI model would predict the individual to earn more or less than 50k a year', 'selected': 'Guess whether the AI model would predict the individual to earn more or less than 50k a year'}, '2': {'correct': ['-2', '-1'], 'selected': '-2'}, '3': {'correct': '-2', 'selected': '-2'}, '4': {'correct': '-1', 'selected': '1'}}",677ac9ff600d54e521087304,,2025-02-23 12:40:02.708,2025-02-23 12:01:06.174
4546,b6524d63-3648-488a-bfc3-8ff941d8a6e7,2025-02-24 16:48:32.683816,True,"{'1': {'correct': 'Guess whether the AI model would predict the individual to earn more or less than 50k a year', 'selected': 'Guess whether the AI model would predict the individual to earn more or less than 50k a year'}, '2': {'correct': ['-2', '-1'], 'selected': '-2'}, '3': {'correct': '-2', 'selected': '-2'}, '4': {'correct': '-1', 'selected': '2'}}",671309eee1f4753b1cdeed82,,2025-02-24 17:38:45.331,2025-02-24 16:44:46.796
4243,2fb9aa30-e35e-4d3c-a3b5-f671a0681351,2025-02-23 12:43:52.505062,True,"{'1': {'correct': 'Guess whether the AI model would predict the individual to earn more or less than 50k a year', 'selected': 'Guess whether the AI model would predict the individual to earn more or less than 50k a year'}, '2': {'correct': ['-2', '-1'], 'selected': '-2'}, '3': {'correct': '-2', 'selected': '-2'}, '4': {'correct': '-1', 'selected': '0'}}",674b42e0550b2d74028f16f2,,2025-02-23 13:14:27.617,2025-02-23 12:41:31.508
4270,ed83e6db-2afe-4fb9-b8d7-89eb9f65f4b2,2025-02-23 13:36:01.642588,True,"{'1': {'correct': 'Guess whether the AI model would predict the individual to earn more or less than 50k a year', 'selected': 'Guess whether the AI model would predict the individual to earn more or less than 50k a year'}, '2': {'correct': ['-2', '-1'], 'selected': '-2'}, '3': {'correct': '-2', 'selected': '-2'}, '4': {'correct': '-1', 'selected': '2'}}",6755730636ddcc6a492e2d99,,2025-02-23 14:09:42.833,2025-02-23 13:34:19.056
4553,cc274ede-7ac8-409c-a975-5bca142060fa,2025-02-24 17:11:10.897619,True,"{'1': {'correct': 'Guess whether the AI model would predict the individual to earn more or less than 50k a year', 'selected': 'Guess whether the AI model would predict the individual to earn more or less than 50k a year'}, '2': {'correct': ['-2', '-1'], 'selected': '-2'}, '3': {'correct': '-2', 'selected': '-2'}, '4': {'correct': '-1', 'selected': '2'}}",67534fde63fdbd0a960fbb7d,,2025-02-24 18:25:09.306,2025-02-24 17:03:33.549
4589,7700577b-a278-40af-944d-053c97606bc6,2025-02-24 18:39:23.706056,True,"{'1': {'correct': 'Guess whether the AI model would predict the individual to earn more or less than 50k a year', 'selected': 'Guess whether the AI model would predict the individual to earn more or less than 50k a year'}, '2': {'correct': ['-2', '-1'], 'selected': '-2'}, '3': {'correct': '-2', 'selected': '-2'}, '4': {'correct': '-1', 'selected': '1'}}",662973533159df515afdd606,,2025-02-24 19:05:39.432,2025-02-24 18:36:31.672
4595,e3d50b9f-6c4b-4b8e-bc52-e8084c3d6182,2025-02-24 20:03:11.949954,True,"{'1': {'correct': 'Guess whether the AI model would predict the individual to earn more or less than 50k a year', 'selected': 'Guess whether the AI model would predict the individual to earn more or less than 50k a year'}, '2': {'correct': ['-2', '-1'], 'selected': '-2'}, '3': {'correct': '-2', 'selected': '-2'}, '4': {'correct': '-1', 'selected': '3'}}",5d68c8aa40524c00189e8ac2,,2025-02-24 20:30:41.847,2025-02-24 19:05:39.932
4600,bb7600c4-a348-4440-8996-4b00992fcc8d,2025-02-24 20:34:26.635156,True,"{'1': {'correct': 'Guess whether the AI model would predict the individual to earn more or less than 50k a year', 'selected': 'Guess whether the AI model would predict the individual to earn more or less than 50k a year'}, '2': {'correct': ['-2', '-1'], 'selected': '-2'}, '3': {'correct': '-2', 'selected': '-2'}, '4': {'correct': '-1', 'selected': '-1'}}",6283e5cee0833a2307ddeb0f,,2025-02-24 20:57:28.296,2025-02-24 20:30:42.330
4325,d1bc3dfb-73ec-4f56-bda1-72ade8489a05,2025-02-23 16:16:29.303822,True,"{'1': {'correct': 'Guess whether the AI model would predict the individual to earn more or less than 50k a year', 'selected': 'Guess whether the AI model would predict the individual to earn more or less than 50k a year'}, '2': {'correct': ['-2', '-1'], 'selected': '-2'}, '3': {'correct': '-2', 'selected': '-2'}, '4': {'correct': '-1', 'selected': '2'}}",669b7e6e0f7f314904e8ecc2,,2025-02-23 16:59:14.842,2025-02-23 16:07:19.104
4358,9520459e-c382-41a3-855f-61fc8eb8ec46,2025-02-23 17:00:51.113760,True,"{'1': {'correct': 'Guess whether the AI model would predict the individual to earn more or less than 50k a year', 'selected': 'Guess whether the AI model would predict the individual to earn more or less than 50k a year'}, '2': {'correct': ['-2', '-1'], 'selected': '-2'}, '3': {'correct': '-2', 'selected': '-2'}, '4': {'correct': '-1', 'selected': '2'}}",672ceecd4b982fd2123fa32f,,2025-02-23 18:04:05.528,2025-02-23 16:46:52.064
4615,e0b643ee-faae-485d-b349-4b9533cde89b,2025-02-24 21:29:47.058379,True,"{'1': {'correct': 'Guess whether the AI model would predict the individual to earn more or less than 50k a year', 'selected': 'Guess whether the AI model would predict the individual to earn more or less than 50k a year'}, '2': {'correct': ['-2', '-1'], 'selected': '-2'}, '3': {'correct': '-2', 'selected': '-2'}, '4': {'correct': '-1', 'selected': '3'}}",558d8d71fdf99b534f79b352,,2025-02-24 22:39:18.402,2025-02-24 21:24:58.120
4366,3302abfa-9dd8-4d47-a2ec-f010a097f3dd,2025-02-23 17:34:17.578396,True,"{'1': {'correct': 'Guess whether the AI model would predict the individual to earn more or less than 50k a year', 'selected': 'Guess whether the AI model would predict the individual to earn more or less than 50k a year'}, '2': {'correct': ['-2', '-1'], 'selected': '-2'}, '3': {'correct': '-2', 'selected': '-2'}, '4': {'correct': '-1', 'selected': '2'}}",661415341b1fdb1844c6f6a6,,2025-02-23 18:16:51.089,2025-02-23 17:21:38.045
4619,9da5faf0-8e62-411f-b27c-67831cfcd120,2025-02-24 22:30:17.860704,True,"{'1': {'correct': 'Guess whether the AI model would predict the individual to earn more or less than 50k a year', 'selected': 'Guess whether the AI model would predict the individual to earn more or less than 50k a year'}, '2': {'correct': ['-2', '-1'], 'selected': '-2'}, '3': {'correct': '-2', 'selected': '-2'}, '4': {'correct': '-1', 'selected': '2'}}",66d4407f31981698998d25d8,,2025-02-24 22:59:11.326,2025-02-24 22:14:52.373
4639,06e381b4-4ed7-43b8-b923-2084441c5c04,2025-02-24 23:52:34.612988,True,"{'1': {'correct': 'Guess whether the AI model would predict the individual to earn more or less than 50k a year', 'selected': 'Guess whether the AI model would predict the individual to earn more or less than 50k a year'}, '2': {'correct': ['-2', '-1'], 'selected': '-2'}, '3': {'correct': '-2', 'selected': '-2'}, '4': {'correct': '-1', 'selected': '2'}}",66da38dc1d5b9365584508ca,,2025-02-25 00:40:15.936,2025-02-24 23:46:24.929
4396,5445bde9-fb53-43f9-bf75-a673cd12a042,2025-02-23 18:53:49.678090,True,"{'1': {'correct': 'Guess whether the AI model would predict the individual to earn more or less than 50k a year', 'selected': 'Guess whether the AI model would predict the individual to earn more or less than 50k a year'}, '2': {'correct': ['-2', '-1'], 'selected': '-2'}, '3': {'correct': '-2', 'selected': '-2'}, '4': {'correct': '-1', 'selected': '3'}}",67081ef77f9b5aaceef957c0,,2025-02-23 19:38:44.320,2025-02-23 18:39:11.924
4378,575bea0d-d57d-413d-a444-fdc88ae71ee7,2025-02-23 18:19:26.138974,True,"{'1': {'correct': 'Guess whether the AI model would predict the individual to earn more or less than 50k a year', 'selected': 'Guess whether the AI model would predict the individual to earn more or less than 50k a year'}, '2': {'correct': ['-2', '-1'], 'selected': '-2'}, '3': {'correct': '-2', 'selected': '-2'}, '4': {'correct': '-1', 'selected': '2'}}",57165ba7c5aca2000a8d32ca,,2025-02-23 18:38:18.710,2025-02-23 18:16:51.771
4394,4f52d3e8-f1d1-41e0-83c6-6451ca7df19e,2025-02-23 18:51:24.294927,True,"{'1': {'correct': 'Guess whether the AI model would predict the individual to earn more or less than 50k a year', 'selected': 'Guess whether the AI model would predict the individual to earn more or less than 50k a year'}, '2': {'correct': ['-2', '-1'], 'selected': '-2'}, '3': {'correct': '-2', 'selected': '-2'}, '4': {'correct': '-1', 'selected': '2'}}",675a64a99571ac3d874a9f70,,2025-02-23 19:24:07.859,2025-02-23 18:28:09.336
4658,5f9c036d-c9d4-4099-8bc2-5dd8d2acad0d,2025-02-25 01:38:37.996921,True,"{'1': {'correct': 'Guess whether the AI model would predict the individual to earn more or less than 50k a year', 'selected': 'Guess whether the AI model would predict the individual to earn more or less than 50k a year'}, '2': {'correct': ['-2', '-1'], 'selected': '-2'}, '3': {'correct': '-2', 'selected': '-2'}, '4': {'correct': '-1', 'selected': '1'}}",66f75ca6c63db2214194b1cc,,2025-02-25 02:26:59.843,2025-02-25 01:35:46.533
4403,f0dc01ec-fcdf-4658-ac59-ec4dd51a1782,2025-02-23 19:30:34.695647,True,"{'1': {'correct': 'Guess whether the AI model would predict the individual to earn more or less than 50k a year', 'selected': 'Guess whether the AI model would predict the individual to earn more or less than 50k a year'}, '2': {'correct': ['-2', '-1'], 'selected': '-2'}, '3': {'correct': '-2', 'selected': '-2'}, '4': {'correct': '-1', 'selected': '3'}}",67269f439696d166fbb74e09,,2025-02-23 20:45:09.743,2025-02-23 19:24:07.860
4411,77fe9740-7e12-48a9-a5cb-22963abc633a,2025-02-23 19:55:06.745398,True,"{'1': {'correct': 'Guess whether the AI model would predict the individual to earn more or less than 50k a year', 'selected': 'Guess whether the AI model would predict the individual to earn more or less than 50k a year'}, '2': {'correct': ['-2', '-1'], 'selected': '-2'}, '3': {'correct': '-2', 'selected': '-2'}, '4': {'correct': '-1', 'selected': '2'}}",671322ae5b5def60f8528351,,2025-02-23 20:49:22.233,2025-02-23 19:42:12.315
4662,3bf2652a-6bb7-488f-8d70-4bb020581b20,2025-02-25 01:47:28.423727,True,"{'1': {'correct': 'Guess whether the AI model would predict the individual to earn more or less than 50k a year', 'selected': 'Guess whether the AI model would predict the individual to earn more or less than 50k a year'}, '2': {'correct': ['-2', '-1'], 'selected': '-2'}, '3': {'correct': '-2', 'selected': '-2'}, '4': {'correct': '-1', 'selected': '2'}}",5eff5f05b92981000a2aed73,,2025-02-25 02:04:17.009,2025-02-25 01:46:11.584
4431,989393c8-ff8a-42c5-bfe4-2517725ba0b2,2025-02-23 20:51:54.814025,True,"{'1': {'correct': 'Guess whether the AI model would predict the individual to earn more or less than 50k a year', 'selected': 'Guess whether the AI model would predict the individual to earn more or less than 50k a year'}, '2': {'correct': ['-2', '-1'], 'selected': '-2'}, '3': {'correct': '-2', 'selected': '-2'}, '4': {'correct': '-1', 'selected': '-2'}}",602a2911a73ba046955f6c58,,2025-02-23 21:26:48.330,2025-02-23 20:49:22.246
4446,55893c02-1fd5-4067-a6c5-74cbe3f638f7,2025-02-23 21:42:25.906108,True,"{'1': {'correct': 'Guess whether the AI model would predict the individual to earn more or less than 50k a year', 'selected': 'Guess whether the AI model would predict the individual to earn more or less than 50k a year'}, '2': {'correct': ['-2', '-1'], 'selected': '-2'}, '3': {'correct': '-2', 'selected': '-2'}, '4': {'correct': '-1', 'selected': '2'}}",5f0d2ad60ad0d6730c380b05,,2025-02-23 22:05:58.773,2025-02-23 20:42:11.831
4451,11bced58-f2f4-4574-83af-c1d05bdef83b,2025-02-23 22:16:48.992375,True,"{'1': {'correct': 'Guess whether the AI model would predict the individual to earn more or less than 50k a year', 'selected': 'Guess whether the AI model would predict the individual to earn more or less than 50k a year'}, '2': {'correct': ['-2', '-1'], 'selected': '-2'}, '3': {'correct': '-2', 'selected': '-2'}, '4': {'correct': '-1', 'selected': '3'}}",66e0ff9d08256be084cd8c81,,2025-02-23 22:55:44.301,2025-02-23 22:13:36.948
4462,bce44e6d-01bd-4f00-89b9-48bd238297e5,2025-02-24 11:38:21.511511,True,"{'1': {'correct': 'Guess whether the AI model would predict the individual to earn more or less than 50k a year', 'selected': 'Guess whether the AI model would predict the individual to earn more or less than 50k a year'}, '2': {'correct': ['-2', '-1'], 'selected': '-2'}, '3': {'correct': '-2', 'selected': '-2'}, '4': {'correct': '-1', 'selected': '2'}}",675a9792e78f971ae2ffec1f,,2025-02-24 12:10:01.888,2025-02-24 11:24:46.800
4460,9ce0bc00-a41d-4423-bb23-ee2678662b15,2025-02-24 11:34:26.444446,True,"{'1': {'correct': 'Guess whether the AI model would predict the individual to earn more or less than 50k a year', 'selected': 'Guess whether the AI model would predict the individual to earn more or less than 50k a year'}, '2': {'correct': ['-2', '-1'], 'selected': '-2'}, '3': {'correct': '-2', 'selected': '-2'}, '4': {'correct': '-1', 'selected': '2'}}",6071933c3c4ea940e3e2f175,,2025-02-24 12:15:24.910,2025-02-24 11:26:46.452
